COD_COMUNA_JOIN,VACUNA_DASHBOARD,CLAVE_DENOMINADOR,VACUNAS_ADMINISTRADAS
13101,VACUNA BCG,BCG_RN,3789
13101,VACUNA DTPA 1 BASICO,dTpa_1basico,3850
13101,VACUNA DTPA 8 BASICO,dTpa_8basico,4887
13101,VACUNA DTPA GESTANTES,dTpa_Gestantes,3109
13101,VACUNA HEPATITIS A PEDIATRICA,Cohorte_18M,3427
13101,VACUNA HEPATITIS B RN,HepB_RN,3815
13101,VACUNA HEXAVALENTE 1RA DOSIS,Cohorte_2M,3773
13101,VACUNA HEXAVALENTE 2DA DOSIS,Cohorte_4M,3601
13101,VACUNA HEXAVALENTE 3RA DOSIS,Hexavalente_3d_6m,3549
13101,VACUNA HEXAVALENTE REFUERZO,Hexavalente_ref_18m,3512
13101,VACUNA MENINGOCOCICA CONJUGADA DOSIS UNICA,Cohorte_12M,3676
13101,VACUNA MENINGOCOCICA RECOMBINANTE 1RA DOSIS,Cohorte_2M,3868
13101,VACUNA MENINGOCOCICA RECOMBINANTE 2DA DOSIS,Cohorte_4M,3665
13101,VACUNA MENINGOCOCICA RECOMBINANTE REFUERZO,Cohorte_18M,621
13101,VACUNA NEUMOCOCICA CONJUGADA 1RA DOSIS,Cohorte_2M,3780
13101,VACUNA NEUMOCOCICA CONJUGADA 2DA DOSIS,Cohorte_4M,3621
13101,VACUNA NEUMOCOCICA CONJUGADA REFUERZO,Cohorte_12M,3598
13101,VACUNA NEUMOCOCICA POLISACARIDA,Neumococica_Polisacarida_65,1861
13101,VACUNA SRP (TRIVIRICA) 1RA DOSIS,Cohorte_12M,3638
13101,VACUNA SRP (TRIVIRICA) 2DA DOSIS,Cohorte_36M,2690
13101,VACUNA VARICELA 1RA DOSIS,Cohorte_18M,3514
13101,VACUNA VARICELA 2DA DOSIS,Cohorte_36M,2794
13101,VACUNA VPH 4 BASICO,VPH_4basico,4262
13101,VACUNA VPH 5 BASICO,VPH_5basico,4248
13102,VACUNA BCG,BCG_RN,569
13102,VACUNA DTPA 1 BASICO,dTpa_1basico,797
13102,VACUNA DTPA 8 BASICO,dTpa_8basico,796
13102,VACUNA DTPA GESTANTES,dTpa_Gestantes,565
13102,VACUNA HEPATITIS A PEDIATRICA,Cohorte_18M,780
13102,VACUNA HEPATITIS B RN,HepB_RN,590
13102,VACUNA HEXAVALENTE 1RA DOSIS,Cohorte_2M,707
13102,VACUNA HEXAVALENTE 2DA DOSIS,Cohorte_4M,707
13102,VACUNA HEXAVALENTE 3RA DOSIS,Hexavalente_3d_6m,699
13102,VACUNA HEXAVALENTE REFUERZO,Hexavalente_ref_18m,785
13102,VACUNA MENINGOCOCICA CONJUGADA DOSIS UNICA,Cohorte_12M,735
13102,VACUNA MENINGOCOCICA RECOMBINANTE 1RA DOSIS,Cohorte_2M,713
13102,VACUNA MENINGOCOCICA RECOMBINANTE 2DA DOSIS,Cohorte_4M,710
13102,VACUNA MENINGOCOCICA RECOMBINANTE REFUERZO,Cohorte_18M,140
13102,VACUNA NEUMOCOCICA CONJUGADA 1RA DOSIS,Cohorte_2M,708
13102,VACUNA NEUMOCOCICA CONJUGADA 2DA DOSIS,Cohorte_4M,707
13102,VACUNA NEUMOCOCICA CONJUGADA REFUERZO,Cohorte_12M,734
13102,VACUNA NEUMOCOCICA POLISACARIDA,Neumococica_Polisacarida_65,432
13102,VACUNA SRP (TRIVIRICA) 1RA DOSIS,Cohorte_12M,737
13102,VACUNA SRP (TRIVIRICA) 2DA DOSIS,Cohorte_36M,658
13102,VACUNA VARICELA 1RA DOSIS,Cohorte_18M,785
13102,VACUNA VARICELA 2DA DOSIS,Cohorte_36M,664
13102,VACUNA VPH 4 BASICO,VPH_4basico,844
13102,VACUNA VPH 5 BASICO,VPH_5basico,835
13103,VACUNA BCG,BCG_RN,1039
13103,VACUNA DTPA 1 BASICO,dTpa_1basico,1211
13103,VACUNA DTPA 8 BASICO,dTpa_8basico,1201
13103,VACUNA DTPA GESTANTES,dTpa_Gestantes,928
13103,VACUNA HEPATITIS A PEDIATRICA,Cohorte_18M,1230
13103,VACUNA HEPATITIS B RN,HepB_RN,1040
13103,VACUNA HEXAVALENTE 1RA DOSIS,Cohorte_2M,1134
13103,VACUNA HEXAVALENTE 2DA DOSIS,Cohorte_4M,1127
13103,VACUNA HEXAVALENTE 3RA DOSIS,Hexavalente_3d_6m,1137
13103,VACUNA HEXAVALENTE REFUERZO,Hexavalente_ref_18m,1202
13103,VACUNA MENINGOCOCICA CONJUGADA DOSIS UNICA,Cohorte_12M,1148
13103,VACUNA MENINGOCOCICA RECOMBINANTE 1RA DOSIS,Cohorte_2M,1148
13103,VACUNA MENINGOCOCICA RECOMBINANTE 2DA DOSIS,Cohorte_4M,1135
13103,VACUNA MENINGOCOCICA RECOMBINANTE REFUERZO,Cohorte_18M,175
13103,VACUNA NEUMOCOCICA CONJUGADA 1RA DOSIS,Cohorte_2M,1137
13103,VACUNA NEUMOCOCICA CONJUGADA 2DA DOSIS,Cohorte_4M,1128
13103,VACUNA NEUMOCOCICA CONJUGADA REFUERZO,Cohorte_12M,1177
13103,VACUNA NEUMOCOCICA POLISACARIDA,Neumococica_Polisacarida_65,656
13103,VACUNA SRP (TRIVIRICA) 1RA DOSIS,Cohorte_12M,1187
13103,VACUNA SRP (TRIVIRICA) 2DA DOSIS,Cohorte_36M,1003
13103,VACUNA VARICELA 1RA DOSIS,Cohorte_18M,1227
13103,VACUNA VARICELA 2DA DOSIS,Cohorte_36M,993
13103,VACUNA VPH 4 BASICO,VPH_4basico,1280
13103,VACUNA VPH 5 BASICO,VPH_5basico,1203
13104,VACUNA BCG,BCG_RN,787
13104,VACUNA DTPA 1 BASICO,dTpa_1basico,1303
13104,VACUNA DTPA 8 BASICO,dTpa_8basico,1347
13104,VACUNA DTPA GESTANTES,dTpa_Gestantes,779
13104,VACUNA HEPATITIS A PEDIATRICA,Cohorte_18M,1045
13104,VACUNA HEPATITIS B RN,HepB_RN,798
13104,VACUNA HEXAVALENTE 1RA DOSIS,Cohorte_2M,883
13104,VACUNA HEXAVALENTE 2DA DOSIS,Cohorte_4M,929
13104,VACUNA HEXAVALENTE 3RA DOSIS,Hexavalente_3d_6m,904
13104,VACUNA HEXAVALENTE REFUERZO,Hexavalente_ref_18m,1059
13104,VACUNA MENINGOCOCICA CONJUGADA DOSIS UNICA,Cohorte_12M,992
13104,VACUNA MENINGOCOCICA RECOMBINANTE 1RA DOSIS,Cohorte_2M,896
13104,VACUNA MENINGOCOCICA RECOMBINANTE 2DA DOSIS,Cohorte_4M,927
13104,VACUNA MENINGOCOCICA RECOMBINANTE REFUERZO,Cohorte_18M,154
13104,VACUNA NEUMOCOCICA CONJUGADA 1RA DOSIS,Cohorte_2M,884
13104,VACUNA NEUMOCOCICA CONJUGADA 2DA DOSIS,Cohorte_4M,927
13104,VACUNA NEUMOCOCICA CONJUGADA REFUERZO,Cohorte_12M,1023
13104,VACUNA NEUMOCOCICA POLISACARIDA,Neumococica_Polisacarida_65,683
13104,VACUNA SRP (TRIVIRICA) 1RA DOSIS,Cohorte_12M,1030
13104,VACUNA SRP (TRIVIRICA) 2DA DOSIS,Cohorte_36M,831
13104,VACUNA VARICELA 1RA DOSIS,Cohorte_18M,1055
13104,VACUNA VARICELA 2DA DOSIS,Cohorte_36M,843
13104,VACUNA VPH 4 BASICO,VPH_4basico,1494
13104,VACUNA VPH 5 BASICO,VPH_5basico,1477
13105,VACUNA BCG,BCG_RN,1029
13105,VACUNA DTPA 1 BASICO,dTpa_1basico,1999
13105,VACUNA DTPA 8 BASICO,dTpa_8basico,1984
13105,VACUNA DTPA GESTANTES,dTpa_Gestantes,1133
13105,VACUNA HEPATITIS A PEDIATRICA,Cohorte_18M,1584
13105,VACUNA HEPATITIS B RN,HepB_RN,1059
13105,VACUNA HEXAVALENTE 1RA DOSIS,Cohorte_2M,1279
13105,VACUNA HEXAVALENTE 2DA DOSIS,Cohorte_4M,1294
13105,VACUNA HEXAVALENTE 3RA DOSIS,Hexavalente_3d_6m,1357
13105,VACUNA HEXAVALENTE REFUERZO,Hexavalente_ref_18m,1577
13105,VACUNA MENINGOCOCICA CONJUGADA DOSIS UNICA,Cohorte_12M,1455
13105,VACUNA MENINGOCOCICA RECOMBINANTE 1RA DOSIS,Cohorte_2M,1296
13105,VACUNA MENINGOCOCICA RECOMBINANTE 2DA DOSIS,Cohorte_4M,1300
13105,VACUNA MENINGOCOCICA RECOMBINANTE REFUERZO,Cohorte_18M,233
13105,VACUNA NEUMOCOCICA CONJUGADA 1RA DOSIS,Cohorte_2M,1279
13105,VACUNA NEUMOCOCICA CONJUGADA 2DA DOSIS,Cohorte_4M,1298
13105,VACUNA NEUMOCOCICA CONJUGADA REFUERZO,Cohorte_12M,1443
13105,VACUNA NEUMOCOCICA POLISACARIDA,Neumococica_Polisacarida_65,1506
13105,VACUNA SRP (TRIVIRICA) 1RA DOSIS,Cohorte_12M,1448
13105,VACUNA SRP (TRIVIRICA) 2DA DOSIS,Cohorte_36M,1402
13105,VACUNA VARICELA 1RA DOSIS,Cohorte_18M,1583
13105,VACUNA VARICELA 2DA DOSIS,Cohorte_36M,1420
13105,VACUNA VPH 4 BASICO,VPH_4basico,2194
13105,VACUNA VPH 5 BASICO,VPH_5basico,1973
13106,VACUNA BCG,BCG_RN,1056
13106,VACUNA DTPA 1 BASICO,dTpa_1basico,1456
13106,VACUNA DTPA 8 BASICO,dTpa_8basico,1393
13106,VACUNA DTPA GESTANTES,dTpa_Gestantes,1181
13106,VACUNA HEPATITIS A PEDIATRICA,Cohorte_18M,1478
13106,VACUNA HEPATITIS B RN,HepB_RN,1058
13106,VACUNA HEXAVALENTE 1RA DOSIS,Cohorte_2M,1400
13106,VACUNA HEXAVALENTE 2DA DOSIS,Cohorte_4M,1433
13106,VACUNA HEXAVALENTE 3RA DOSIS,Hexavalente_3d_6m,1426
13106,VACUNA HEXAVALENTE REFUERZO,Hexavalente_ref_18m,1482
13106,VACUNA MENINGOCOCICA CONJUGADA DOSIS UNICA,Cohorte_12M,1504
13106,VACUNA MENINGOCOCICA RECOMBINANTE 1RA DOSIS,Cohorte_2M,1418
13106,VACUNA MENINGOCOCICA RECOMBINANTE 2DA DOSIS,Cohorte_4M,1431
13106,VACUNA MENINGOCOCICA RECOMBINANTE REFUERZO,Cohorte_18M,168
13106,VACUNA NEUMOCOCICA CONJUGADA 1RA DOSIS,Cohorte_2M,1408
13106,VACUNA NEUMOCOCICA CONJUGADA 2DA DOSIS,Cohorte_4M,1435
13106,VACUNA NEUMOCOCICA CONJUGADA REFUERZO,Cohorte_12M,1453
13106,VACUNA NEUMOCOCICA POLISACARIDA,Neumococica_Polisacarida_65,603
13106,VACUNA SRP (TRIVIRICA) 1RA DOSIS,Cohorte_12M,1479
13106,VACUNA SRP (TRIVIRICA) 2DA DOSIS,Cohorte_36M,1114
13106,VACUNA VARICELA 1RA DOSIS,Cohorte_18M,1487
13106,VACUNA VARICELA 2DA DOSIS,Cohorte_36M,1142
13106,VACUNA VPH 4 BASICO,VPH_4basico,1544
13106,VACUNA VPH 5 BASICO,VPH_5basico,1501
13107,VACUNA BCG,BCG_RN,800
13107,VACUNA DTPA 1 BASICO,dTpa_1basico,922
13107,VACUNA DTPA 8 BASICO,dTpa_8basico,1047
13107,VACUNA DTPA GESTANTES,dTpa_Gestantes,736
13107,VACUNA HEPATITIS A PEDIATRICA,Cohorte_18M,847
13107,VACUNA HEPATITIS B RN,HepB_RN,787
13107,VACUNA HEXAVALENTE 1RA DOSIS,Cohorte_2M,835
13107,VACUNA HEXAVALENTE 2DA DOSIS,Cohorte_4M,811
13107,VACUNA HEXAVALENTE 3RA DOSIS,Hexavalente_3d_6m,802
13107,VACUNA HEXAVALENTE REFUERZO,Hexavalente_ref_18m,873
13107,VACUNA MENINGOCOCICA CONJUGADA DOSIS UNICA,Cohorte_12M,842
13107,VACUNA MENINGOCOCICA RECOMBINANTE 1RA DOSIS,Cohorte_2M,839
13107,VACUNA MENINGOCOCICA RECOMBINANTE 2DA DOSIS,Cohorte_4M,815
13107,VACUNA MENINGOCOCICA RECOMBINANTE REFUERZO,Cohorte_18M,196
13107,VACUNA NEUMOCOCICA CONJUGADA 1RA DOSIS,Cohorte_2M,834
13107,VACUNA NEUMOCOCICA CONJUGADA 2DA DOSIS,Cohorte_4M,815
13107,VACUNA NEUMOCOCICA CONJUGADA REFUERZO,Cohorte_12M,858
13107,VACUNA NEUMOCOCICA POLISACARIDA,Neumococica_Polisacarida_65,518
13107,VACUNA SRP (TRIVIRICA) 1RA DOSIS,Cohorte_12M,855
13107,VACUNA SRP (TRIVIRICA) 2DA DOSIS,Cohorte_36M,752
13107,VACUNA VARICELA 1RA DOSIS,Cohorte_18M,871
13107,VACUNA VARICELA 2DA DOSIS,Cohorte_36M,756
13107,VACUNA VPH 4 BASICO,VPH_4basico,1103
13107,VACUNA VPH 5 BASICO,VPH_5basico,1005
13108,VACUNA BCG,BCG_RN,829
13108,VACUNA DTPA 1 BASICO,dTpa_1basico,1264
13108,VACUNA DTPA 8 BASICO,dTpa_8basico,1303
13108,VACUNA DTPA GESTANTES,dTpa_Gestantes,943
13108,VACUNA HEPATITIS A PEDIATRICA,Cohorte_18M,1172
13108,VACUNA HEPATITIS B RN,HepB_RN,825
13108,VACUNA HEXAVALENTE 1RA DOSIS,Cohorte_2M,1085
13108,VACUNA HEXAVALENTE 2DA DOSIS,Cohorte_4M,1047
13108,VACUNA HEXAVALENTE 3RA DOSIS,Hexavalente_3d_6m,1072
13108,VACUNA HEXAVALENTE REFUERZO,Hexavalente_ref_18m,1160
13108,VACUNA MENINGOCOCICA CONJUGADA DOSIS UNICA,Cohorte_12M,1156
13108,VACUNA MENINGOCOCICA RECOMBINANTE 1RA DOSIS,Cohorte_2M,1139
13108,VACUNA MENINGOCOCICA RECOMBINANTE 2DA DOSIS,Cohorte_4M,1094
13108,VACUNA MENINGOCOCICA RECOMBINANTE REFUERZO,Cohorte_18M,173
13108,VACUNA NEUMOCOCICA CONJUGADA 1RA DOSIS,Cohorte_2M,1096
13108,VACUNA NEUMOCOCICA CONJUGADA 2DA DOSIS,Cohorte_4M,1049
13108,VACUNA NEUMOCOCICA CONJUGADA REFUERZO,Cohorte_12M,1117
13108,VACUNA NEUMOCOCICA POLISACARIDA,Neumococica_Polisacarida_65,820
13108,VACUNA SRP (TRIVIRICA) 1RA DOSIS,Cohorte_12M,1120
13108,VACUNA SRP (TRIVIRICA) 2DA DOSIS,Cohorte_36M,940
13108,VACUNA VARICELA 1RA DOSIS,Cohorte_18M,1161
13108,VACUNA VARICELA 2DA DOSIS,Cohorte_36M,994
13108,VACUNA VPH 4 BASICO,VPH_4basico,1321
13108,VACUNA VPH 5 BASICO,VPH_5basico,1256
13109,VACUNA BCG,BCG_RN,677
13109,VACUNA DTPA 1 BASICO,dTpa_1basico,1330
13109,VACUNA DTPA 8 BASICO,dTpa_8basico,1633
13109,VACUNA DTPA GESTANTES,dTpa_Gestantes,637
13109,VACUNA HEPATITIS A PEDIATRICA,Cohorte_18M,790
13109,VACUNA HEPATITIS B RN,HepB_RN,676
13109,VACUNA HEXAVALENTE 1RA DOSIS,Cohorte_2M,764
13109,VACUNA HEXAVALENTE 2DA DOSIS,Cohorte_4M,798
13109,VACUNA HEXAVALENTE 3RA DOSIS,Hexavalente_3d_6m,770
13109,VACUNA HEXAVALENTE REFUERZO,Hexavalente_ref_18m,796
13109,VACUNA MENINGOCOCICA CONJUGADA DOSIS UNICA,Cohorte_12M,838
13109,VACUNA MENINGOCOCICA RECOMBINANTE 1RA DOSIS,Cohorte_2M,767
13109,VACUNA MENINGOCOCICA RECOMBINANTE 2DA DOSIS,Cohorte_4M,797
13109,VACUNA MENINGOCOCICA RECOMBINANTE REFUERZO,Cohorte_18M,132
13109,VACUNA NEUMOCOCICA CONJUGADA 1RA DOSIS,Cohorte_2M,768
13109,VACUNA NEUMOCOCICA CONJUGADA 2DA DOSIS,Cohorte_4M,797
13109,VACUNA NEUMOCOCICA CONJUGADA REFUERZO,Cohorte_12M,823
13109,VACUNA NEUMOCOCICA POLISACARIDA,Neumococica_Polisacarida_65,855
13109,VACUNA SRP (TRIVIRICA) 1RA DOSIS,Cohorte_12M,832
13109,VACUNA SRP (TRIVIRICA) 2DA DOSIS,Cohorte_36M,730
13109,VACUNA VARICELA 1RA DOSIS,Cohorte_18M,808
13109,VACUNA VARICELA 2DA DOSIS,Cohorte_36M,737
13109,VACUNA VPH 4 BASICO,VPH_4basico,1543
13109,VACUNA VPH 5 BASICO,VPH_5basico,1486
13110,VACUNA BCG,BCG_RN,2951
13110,VACUNA DTPA 1 BASICO,dTpa_1basico,4343
13110,VACUNA DTPA 8 BASICO,dTpa_8basico,4873
13110,VACUNA DTPA GESTANTES,dTpa_Gestantes,2716
13110,VACUNA HEPATITIS A PEDIATRICA,Cohorte_18M,3418
13110,VACUNA HEPATITIS B RN,HepB_RN,2942
13110,VACUNA HEXAVALENTE 1RA DOSIS,Cohorte_2M,3426
13110,VACUNA HEXAVALENTE 2DA DOSIS,Cohorte_4M,3546
13110,VACUNA HEXAVALENTE 3RA DOSIS,Hexavalente_3d_6m,3504
13110,VACUNA HEXAVALENTE REFUERZO,Hexavalente_ref_18m,3438
13110,VACUNA MENINGOCOCICA CONJUGADA DOSIS UNICA,Cohorte_12M,3509
13110,VACUNA MENINGOCOCICA RECOMBINANTE 1RA DOSIS,Cohorte_2M,3442
13110,VACUNA MENINGOCOCICA RECOMBINANTE 2DA DOSIS,Cohorte_4M,3540
13110,VACUNA MENINGOCOCICA RECOMBINANTE REFUERZO,Cohorte_18M,572
13110,VACUNA NEUMOCOCICA CONJUGADA 1RA DOSIS,Cohorte_2M,3429
13110,VACUNA NEUMOCOCICA CONJUGADA 2DA DOSIS,Cohorte_4M,3546
13110,VACUNA NEUMOCOCICA CONJUGADA REFUERZO,Cohorte_12M,3515
13110,VACUNA NEUMOCOCICA POLISACARIDA,Neumococica_Polisacarida_65,3303
13110,VACUNA SRP (TRIVIRICA) 1RA DOSIS,Cohorte_12M,3548
13110,VACUNA SRP (TRIVIRICA) 2DA DOSIS,Cohorte_36M,2891
13110,VACUNA VARICELA 1RA DOSIS,Cohorte_18M,3472
13110,VACUNA VARICELA 2DA DOSIS,Cohorte_36M,2907
13110,VACUNA VPH 4 BASICO,VPH_4basico,4819
13110,VACUNA VPH 5 BASICO,VPH_5basico,4637
13111,VACUNA BCG,BCG_RN,733
13111,VACUNA DTPA 1 BASICO,dTpa_1basico,1151
13111,VACUNA DTPA 8 BASICO,dTpa_8basico,1253
13111,VACUNA DTPA GESTANTES,dTpa_Gestantes,814
13111,VACUNA HEPATITIS A PEDIATRICA,Cohorte_18M,1054
13111,VACUNA HEPATITIS B RN,HepB_RN,726
13111,VACUNA HEXAVALENTE 1RA DOSIS,Cohorte_2M,938
13111,VACUNA HEXAVALENTE 2DA DOSIS,Cohorte_4M,962
13111,VACUNA HEXAVALENTE 3RA DOSIS,Hexavalente_3d_6m,969
13111,VACUNA HEXAVALENTE REFUERZO,Hexavalente_ref_18m,1055
13111,VACUNA MENINGOCOCICA CONJUGADA DOSIS UNICA,Cohorte_12M,1005
13111,VACUNA MENINGOCOCICA RECOMBINANTE 1RA DOSIS,Cohorte_2M,945
13111,VACUNA MENINGOCOCICA RECOMBINANTE 2DA DOSIS,Cohorte_4M,967
13111,VACUNA MENINGOCOCICA RECOMBINANTE REFUERZO,Cohorte_18M,182
13111,VACUNA NEUMOCOCICA CONJUGADA 1RA DOSIS,Cohorte_2M,941
13111,VACUNA NEUMOCOCICA CONJUGADA 2DA DOSIS,Cohorte_4M,964
13111,VACUNA NEUMOCOCICA CONJUGADA REFUERZO,Cohorte_12M,1011
13111,VACUNA NEUMOCOCICA POLISACARIDA,Neumococica_Polisacarida_65,898
13111,VACUNA SRP (TRIVIRICA) 1RA DOSIS,Cohorte_12M,1011
13111,VACUNA SRP (TRIVIRICA) 2DA DOSIS,Cohorte_36M,975
13111,VACUNA VARICELA 1RA DOSIS,Cohorte_18M,1050
13111,VACUNA VARICELA 2DA DOSIS,Cohorte_36M,981
13111,VACUNA VPH 4 BASICO,VPH_4basico,1351
13111,VACUNA VPH 5 BASICO,VPH_5basico,1321
13112,VACUNA BCG,BCG_RN,1322
13112,VACUNA DTPA 1 BASICO,dTpa_1basico,1961
13112,VACUNA DTPA 8 BASICO,dTpa_8basico,2041
13112,VACUNA DTPA GESTANTES,dTpa_Gestantes,1124
13112,VACUNA HEPATITIS A PEDIATRICA,Cohorte_18M,1522
13112,VACUNA HEPATITIS B RN,HepB_RN,1339
13112,VACUNA HEXAVALENTE 1RA DOSIS,Cohorte_2M,1344
13112,VACUNA HEXAVALENTE 2DA DOSIS,Cohorte_4M,1366
13112,VACUNA HEXAVALENTE 3RA DOSIS,Hexavalente_3d_6m,1394
13112,VACUNA HEXAVALENTE REFUERZO,Hexavalente_ref_18m,1528
13112,VACUNA MENINGOCOCICA CONJUGADA DOSIS UNICA,Cohorte_12M,1432
13112,VACUNA MENINGOCOCICA RECOMBINANTE 1RA DOSIS,Cohorte_2M,1348
13112,VACUNA MENINGOCOCICA RECOMBINANTE 2DA DOSIS,Cohorte_4M,1370
13112,VACUNA MENINGOCOCICA RECOMBINANTE REFUERZO,Cohorte_18M,224
13112,VACUNA NEUMOCOCICA CONJUGADA 1RA DOSIS,Cohorte_2M,1344
13112,VACUNA NEUMOCOCICA CONJUGADA 2DA DOSIS,Cohorte_4M,1367
13112,VACUNA NEUMOCOCICA CONJUGADA REFUERZO,Cohorte_12M,1430
13112,VACUNA NEUMOCOCICA POLISACARIDA,Neumococica_Polisacarida_65,904
13112,VACUNA SRP (TRIVIRICA) 1RA DOSIS,Cohorte_12M,1456
13112,VACUNA SRP (TRIVIRICA) 2DA DOSIS,Cohorte_36M,1403
13112,VACUNA VARICELA 1RA DOSIS,Cohorte_18M,1529
13112,VACUNA VARICELA 2DA DOSIS,Cohorte_36M,1410
13112,VACUNA VPH 4 BASICO,VPH_4basico,2204
13112,VACUNA VPH 5 BASICO,VPH_5basico,2113
13113,VACUNA BCG,BCG_RN,504
13113,VACUNA DTPA 1 BASICO,dTpa_1basico,1541
13113,VACUNA DTPA 8 BASICO,dTpa_8basico,1561
13113,VACUNA DTPA GESTANTES,dTpa_Gestantes,417
13113,VACUNA HEPATITIS A PEDIATRICA,Cohorte_18M,503
13113,VACUNA HEPATITIS B RN,HepB_RN,481
13113,VACUNA HEXAVALENTE 1RA DOSIS,Cohorte_2M,496
13113,VACUNA HEXAVALENTE 2DA DOSIS,Cohorte_4M,529
13113,VACUNA HEXAVALENTE 3RA DOSIS,Hexavalente_3d_6m,534
13113,VACUNA HEXAVALENTE REFUERZO,Hexavalente_ref_18m,621
13113,VACUNA MENINGOCOCICA CONJUGADA DOSIS UNICA,Cohorte_12M,546
13113,VACUNA MENINGOCOCICA RECOMBINANTE 1RA DOSIS,Cohorte_2M,511
13113,VACUNA MENINGOCOCICA RECOMBINANTE 2DA DOSIS,Cohorte_4M,532
13113,VACUNA MENINGOCOCICA RECOMBINANTE REFUERZO,Cohorte_18M,134
13113,VACUNA NEUMOCOCICA CONJUGADA 1RA DOSIS,Cohorte_2M,496
13113,VACUNA NEUMOCOCICA CONJUGADA 2DA DOSIS,Cohorte_4M,534
13113,VACUNA NEUMOCOCICA CONJUGADA REFUERZO,Cohorte_12M,573
13113,VACUNA NEUMOCOCICA POLISACARIDA,Neumococica_Polisacarida_65,710
13113,VACUNA SRP (TRIVIRICA) 1RA DOSIS,Cohorte_12M,579
13113,VACUNA SRP (TRIVIRICA) 2DA DOSIS,Cohorte_36M,558
13113,VACUNA VARICELA 1RA DOSIS,Cohorte_18M,626
13113,VACUNA VARICELA 2DA DOSIS,Cohorte_36M,563
13113,VACUNA VPH 4 BASICO,VPH_4basico,1791
13113,VACUNA VPH 5 BASICO,VPH_5basico,1577
13114,VACUNA BCG,BCG_RN,2554
13114,VACUNA DTPA 1 BASICO,dTpa_1basico,2529
13114,VACUNA DTPA 8 BASICO,dTpa_8basico,2790
13114,VACUNA DTPA GESTANTES,dTpa_Gestantes,2659
13114,VACUNA HEPATITIS A PEDIATRICA,Cohorte_18M,2216
13114,VACUNA HEPATITIS B RN,HepB_RN,2634
13114,VACUNA HEXAVALENTE 1RA DOSIS,Cohorte_2M,2857
13114,VACUNA HEXAVALENTE 2DA DOSIS,Cohorte_4M,2885
13114,VACUNA HEXAVALENTE 3RA DOSIS,Hexavalente_3d_6m,2923
13114,VACUNA HEXAVALENTE REFUERZO,Hexavalente_ref_18m,2875
13114,VACUNA MENINGOCOCICA CONJUGADA DOSIS UNICA,Cohorte_12M,2815
13114,VACUNA MENINGOCOCICA RECOMBINANTE 1RA DOSIS,Cohorte_2M,2925
13114,VACUNA MENINGOCOCICA RECOMBINANTE 2DA DOSIS,Cohorte_4M,2921
13114,VACUNA MENINGOCOCICA RECOMBINANTE REFUERZO,Cohorte_18M,739
13114,VACUNA NEUMOCOCICA CONJUGADA 1RA DOSIS,Cohorte_2M,2863
13114,VACUNA NEUMOCOCICA CONJUGADA 2DA DOSIS,Cohorte_4M,2892
13114,VACUNA NEUMOCOCICA CONJUGADA REFUERZO,Cohorte_12M,3000
13114,VACUNA NEUMOCOCICA POLISACARIDA,Neumococica_Polisacarida_65,1997
13114,VACUNA SRP (TRIVIRICA) 1RA DOSIS,Cohorte_12M,2991
13114,VACUNA SRP (TRIVIRICA) 2DA DOSIS,Cohorte_36M,2473
13114,VACUNA VARICELA 1RA DOSIS,Cohorte_18M,2856
13114,VACUNA VARICELA 2DA DOSIS,Cohorte_36M,2488
13114,VACUNA VPH 4 BASICO,VPH_4basico,2652
13114,VACUNA VPH 5 BASICO,VPH_5basico,2589
13115,VACUNA BCG,BCG_RN,883
13115,VACUNA DTPA 1 BASICO,dTpa_1basico,1286
13115,VACUNA DTPA 8 BASICO,dTpa_8basico,1447
13115,VACUNA DTPA GESTANTES,dTpa_Gestantes,795
13115,VACUNA HEPATITIS A PEDIATRICA,Cohorte_18M,1042
13115,VACUNA HEPATITIS B RN,HepB_RN,825
13115,VACUNA HEXAVALENTE 1RA DOSIS,Cohorte_2M,991
13115,VACUNA HEXAVALENTE 2DA DOSIS,Cohorte_4M,962
13115,VACUNA HEXAVALENTE 3RA DOSIS,Hexavalente_3d_6m,1018
13115,VACUNA HEXAVALENTE REFUERZO,Hexavalente_ref_18m,1120
13115,VACUNA MENINGOCOCICA CONJUGADA DOSIS UNICA,Cohorte_12M,1099
13115,VACUNA MENINGOCOCICA RECOMBINANTE 1RA DOSIS,Cohorte_2M,1026
13115,VACUNA MENINGOCOCICA RECOMBINANTE 2DA DOSIS,Cohorte_4M,986
13115,VACUNA MENINGOCOCICA RECOMBINANTE REFUERZO,Cohorte_18M,274
13115,VACUNA NEUMOCOCICA CONJUGADA 1RA DOSIS,Cohorte_2M,987
13115,VACUNA NEUMOCOCICA CONJUGADA 2DA DOSIS,Cohorte_4M,963
13115,VACUNA NEUMOCOCICA CONJUGADA REFUERZO,Cohorte_12M,1127
13115,VACUNA NEUMOCOCICA POLISACARIDA,Neumococica_Polisacarida_65,613
13115,VACUNA SRP (TRIVIRICA) 1RA DOSIS,Cohorte_12M,1131
13115,VACUNA SRP (TRIVIRICA) 2DA DOSIS,Cohorte_36M,1043
13115,VACUNA VARICELA 1RA DOSIS,Cohorte_18M,1119
13115,VACUNA VARICELA 2DA DOSIS,Cohorte_36M,1050
13115,VACUNA VPH 4 BASICO,VPH_4basico,1516
13115,VACUNA VPH 5 BASICO,VPH_5basico,1400
13116,VACUNA BCG,BCG_RN,614
13116,VACUNA DTPA 1 BASICO,dTpa_1basico,747
13116,VACUNA DTPA 8 BASICO,dTpa_8basico,777
13116,VACUNA DTPA GESTANTES,dTpa_Gestantes,616
13116,VACUNA HEPATITIS A PEDIATRICA,Cohorte_18M,881
13116,VACUNA HEPATITIS B RN,HepB_RN,598
13116,VACUNA HEXAVALENTE 1RA DOSIS,Cohorte_2M,738
13116,VACUNA HEXAVALENTE 2DA DOSIS,Cohorte_4M,754
13116,VACUNA HEXAVALENTE 3RA DOSIS,Hexavalente_3d_6m,758
13116,VACUNA HEXAVALENTE REFUERZO,Hexavalente_ref_18m,875
13116,VACUNA MENINGOCOCICA CONJUGADA DOSIS UNICA,Cohorte_12M,879
13116,VACUNA MENINGOCOCICA RECOMBINANTE 1RA DOSIS,Cohorte_2M,757
13116,VACUNA MENINGOCOCICA RECOMBINANTE 2DA DOSIS,Cohorte_4M,762
13116,VACUNA MENINGOCOCICA RECOMBINANTE REFUERZO,Cohorte_18M,136
13116,VACUNA NEUMOCOCICA CONJUGADA 1RA DOSIS,Cohorte_2M,745
13116,VACUNA NEUMOCOCICA CONJUGADA 2DA DOSIS,Cohorte_4M,755
13116,VACUNA NEUMOCOCICA CONJUGADA REFUERZO,Cohorte_12M,869
13116,VACUNA NEUMOCOCICA POLISACARIDA,Neumococica_Polisacarida_65,888
13116,VACUNA SRP (TRIVIRICA) 1RA DOSIS,Cohorte_12M,873
13116,VACUNA SRP (TRIVIRICA) 2DA DOSIS,Cohorte_36M,791
13116,VACUNA VARICELA 1RA DOSIS,Cohorte_18M,885
13116,VACUNA VARICELA 2DA DOSIS,Cohorte_36M,808
13116,VACUNA VPH 4 BASICO,VPH_4basico,745
13116,VACUNA VPH 5 BASICO,VPH_5basico,734
13117,VACUNA BCG,BCG_RN,580
13117,VACUNA DTPA 1 BASICO,dTpa_1basico,829
13117,VACUNA DTPA 8 BASICO,dTpa_8basico,844
13117,VACUNA DTPA GESTANTES,dTpa_Gestantes,692
13117,VACUNA HEPATITIS A PEDIATRICA,Cohorte_18M,1015
13117,VACUNA HEPATITIS B RN,HepB_RN,598
13117,VACUNA HEXAVALENTE 1RA DOSIS,Cohorte_2M,756
13117,VACUNA HEXAVALENTE 2DA DOSIS,Cohorte_4M,818
13117,VACUNA HEXAVALENTE 3RA DOSIS,Hexavalente_3d_6m,857
13117,VACUNA HEXAVALENTE REFUERZO,Hexavalente_ref_18m,1008
13117,VACUNA MENINGOCOCICA CONJUGADA DOSIS UNICA,Cohorte_12M,955
13117,VACUNA MENINGOCOCICA RECOMBINANTE 1RA DOSIS,Cohorte_2M,768
13117,VACUNA MENINGOCOCICA RECOMBINANTE 2DA DOSIS,Cohorte_4M,827
13117,VACUNA MENINGOCOCICA RECOMBINANTE REFUERZO,Cohorte_18M,163
13117,VACUNA NEUMOCOCICA CONJUGADA 1RA DOSIS,Cohorte_2M,760
13117,VACUNA NEUMOCOCICA CONJUGADA 2DA DOSIS,Cohorte_4M,819
13117,VACUNA NEUMOCOCICA CONJUGADA REFUERZO,Cohorte_12M,940
13117,VACUNA NEUMOCOCICA POLISACARIDA,Neumococica_Polisacarida_65,785
13117,VACUNA SRP (TRIVIRICA) 1RA DOSIS,Cohorte_12M,952
13117,VACUNA SRP (TRIVIRICA) 2DA DOSIS,Cohorte_36M,859
13117,VACUNA VARICELA 1RA DOSIS,Cohorte_18M,1009
13117,VACUNA VARICELA 2DA DOSIS,Cohorte_36M,870
13117,VACUNA VPH 4 BASICO,VPH_4basico,1061
13117,VACUNA VPH 5 BASICO,VPH_5basico,873
13118,VACUNA BCG,BCG_RN,873
13118,VACUNA DTPA 1 BASICO,dTpa_1basico,951
13118,VACUNA DTPA 8 BASICO,dTpa_8basico,953
13118,VACUNA DTPA GESTANTES,dTpa_Gestantes,724
13118,VACUNA HEPATITIS A PEDIATRICA,Cohorte_18M,873
13118,VACUNA HEPATITIS B RN,HepB_RN,868
13118,VACUNA HEXAVALENTE 1RA DOSIS,Cohorte_2M,847
13118,VACUNA HEXAVALENTE 2DA DOSIS,Cohorte_4M,852
13118,VACUNA HEXAVALENTE 3RA DOSIS,Hexavalente_3d_6m,857
13118,VACUNA HEXAVALENTE REFUERZO,Hexavalente_ref_18m,910
13118,VACUNA MENINGOCOCICA CONJUGADA DOSIS UNICA,Cohorte_12M,872
13118,VACUNA MENINGOCOCICA RECOMBINANTE 1RA DOSIS,Cohorte_2M,854
13118,VACUNA MENINGOCOCICA RECOMBINANTE 2DA DOSIS,Cohorte_4M,850
13118,VACUNA MENINGOCOCICA RECOMBINANTE REFUERZO,Cohorte_18M,175
13118,VACUNA NEUMOCOCICA CONJUGADA 1RA DOSIS,Cohorte_2M,847
13118,VACUNA NEUMOCOCICA CONJUGADA 2DA DOSIS,Cohorte_4M,847
13118,VACUNA NEUMOCOCICA CONJUGADA REFUERZO,Cohorte_12M,880
13118,VACUNA NEUMOCOCICA POLISACARIDA,Neumococica_Polisacarida_65,708
13118,VACUNA SRP (TRIVIRICA) 1RA DOSIS,Cohorte_12M,891
13118,VACUNA SRP (TRIVIRICA) 2DA DOSIS,Cohorte_36M,734
13118,VACUNA VARICELA 1RA DOSIS,Cohorte_18M,910
13118,VACUNA VARICELA 2DA DOSIS,Cohorte_36M,737
13118,VACUNA VPH 4 BASICO,VPH_4basico,1177
13118,VACUNA VPH 5 BASICO,VPH_5basico,1022
13119,VACUNA BCG,BCG_RN,3245
13119,VACUNA DTPA 1 BASICO,dTpa_1basico,5096
13119,VACUNA DTPA 8 BASICO,dTpa_8basico,5852
13119,VACUNA DTPA GESTANTES,dTpa_Gestantes,2455
13119,VACUNA HEPATITIS A PEDIATRICA,Cohorte_18M,3520
13119,VACUNA HEPATITIS B RN,HepB_RN,3204
13119,VACUNA HEXAVALENTE 1RA DOSIS,Cohorte_2M,3218
13119,VACUNA HEXAVALENTE 2DA DOSIS,Cohorte_4M,3219
13119,VACUNA HEXAVALENTE 3RA DOSIS,Hexavalente_3d_6m,3229
13119,VACUNA HEXAVALENTE REFUERZO,Hexavalente_ref_18m,3556
13119,VACUNA MENINGOCOCICA CONJUGADA DOSIS UNICA,Cohorte_12M,3441
13119,VACUNA MENINGOCOCICA RECOMBINANTE 1RA DOSIS,Cohorte_2M,3235
13119,VACUNA MENINGOCOCICA RECOMBINANTE 2DA DOSIS,Cohorte_4M,3225
13119,VACUNA MENINGOCOCICA RECOMBINANTE REFUERZO,Cohorte_18M,584
13119,VACUNA NEUMOCOCICA CONJUGADA 1RA DOSIS,Cohorte_2M,3221
13119,VACUNA NEUMOCOCICA CONJUGADA 2DA DOSIS,Cohorte_4M,3219
13119,VACUNA NEUMOCOCICA CONJUGADA REFUERZO,Cohorte_12M,3458
13119,VACUNA NEUMOCOCICA POLISACARIDA,Neumococica_Polisacarida_65,3267
13119,VACUNA SRP (TRIVIRICA) 1RA DOSIS,Cohorte_12M,3472
13119,VACUNA SRP (TRIVIRICA) 2DA DOSIS,Cohorte_36M,2928
13119,VACUNA VARICELA 1RA DOSIS,Cohorte_18M,3561
13119,VACUNA VARICELA 2DA DOSIS,Cohorte_36M,2945
13119,VACUNA VPH 4 BASICO,VPH_4basico,5836
13119,VACUNA VPH 5 BASICO,VPH_5basico,5571
13120,VACUNA BCG,BCG_RN,1863
13120,VACUNA DTPA 1 BASICO,dTpa_1basico,2024
13120,VACUNA DTPA 8 BASICO,dTpa_8basico,2360
13120,VACUNA DTPA GESTANTES,dTpa_Gestantes,1762
13120,VACUNA HEPATITIS A PEDIATRICA,Cohorte_18M,1704
13120,VACUNA HEPATITIS B RN,HepB_RN,1827
13120,VACUNA HEXAVALENTE 1RA DOSIS,Cohorte_2M,2027
13120,VACUNA HEXAVALENTE 2DA DOSIS,Cohorte_4M,1969
13120,VACUNA HEXAVALENTE 3RA DOSIS,Hexavalente_3d_6m,1953
13120,VACUNA HEXAVALENTE REFUERZO,Hexavalente_ref_18m,2015
13120,VACUNA MENINGOCOCICA CONJUGADA DOSIS UNICA,Cohorte_12M,1954
13120,VACUNA MENINGOCOCICA RECOMBINANTE 1RA DOSIS,Cohorte_2M,2046
13120,VACUNA MENINGOCOCICA RECOMBINANTE 2DA DOSIS,Cohorte_4M,1976
13120,VACUNA MENINGOCOCICA RECOMBINANTE REFUERZO,Cohorte_18M,495
13120,VACUNA NEUMOCOCICA CONJUGADA 1RA DOSIS,Cohorte_2M,2026
13120,VACUNA NEUMOCOCICA CONJUGADA 2DA DOSIS,Cohorte_4M,1970
13120,VACUNA NEUMOCOCICA CONJUGADA REFUERZO,Cohorte_12M,1987
13120,VACUNA NEUMOCOCICA POLISACARIDA,Neumococica_Polisacarida_65,1454
13120,VACUNA SRP (TRIVIRICA) 1RA DOSIS,Cohorte_12M,1990
13120,VACUNA SRP (TRIVIRICA) 2DA DOSIS,Cohorte_36M,1627
13120,VACUNA VARICELA 1RA DOSIS,Cohorte_18M,2009
13120,VACUNA VARICELA 2DA DOSIS,Cohorte_36M,1628
13120,VACUNA VPH 4 BASICO,VPH_4basico,2129
13120,VACUNA VPH 5 BASICO,VPH_5basico,2080
13121,VACUNA BCG,BCG_RN,582
13121,VACUNA DTPA 1 BASICO,dTpa_1basico,990
13121,VACUNA DTPA 8 BASICO,dTpa_8basico,1013
13121,VACUNA DTPA GESTANTES,dTpa_Gestantes,623
13121,VACUNA HEPATITIS A PEDIATRICA,Cohorte_18M,938
13121,VACUNA HEPATITIS B RN,HepB_RN,572
13121,VACUNA HEXAVALENTE 1RA DOSIS,Cohorte_2M,686
13121,VACUNA HEXAVALENTE 2DA DOSIS,Cohorte_4M,687
13121,VACUNA HEXAVALENTE 3RA DOSIS,Hexavalente_3d_6m,713
13121,VACUNA HEXAVALENTE REFUERZO,Hexavalente_ref_18m,942
13121,VACUNA MENINGOCOCICA CONJUGADA DOSIS UNICA,Cohorte_12M,821
13121,VACUNA MENINGOCOCICA RECOMBINANTE 1RA DOSIS,Cohorte_2M,689
13121,VACUNA MENINGOCOCICA RECOMBINANTE 2DA DOSIS,Cohorte_4M,689
13121,VACUNA MENINGOCOCICA RECOMBINANTE REFUERZO,Cohorte_18M,149
13121,VACUNA NEUMOCOCICA CONJUGADA 1RA DOSIS,Cohorte_2M,688
13121,VACUNA NEUMOCOCICA CONJUGADA 2DA DOSIS,Cohorte_4M,686
13121,VACUNA NEUMOCOCICA CONJUGADA REFUERZO,Cohorte_12M,822
13121,VACUNA NEUMOCOCICA POLISACARIDA,Neumococica_Polisacarida_65,825
13121,VACUNA SRP (TRIVIRICA) 1RA DOSIS,Cohorte_12M,826
13121,VACUNA SRP (TRIVIRICA) 2DA DOSIS,Cohorte_36M,804
13121,VACUNA VARICELA 1RA DOSIS,Cohorte_18M,950
13121,VACUNA VARICELA 2DA DOSIS,Cohorte_36M,821
13121,VACUNA VPH 4 BASICO,VPH_4basico,1106
13121,VACUNA VPH 5 BASICO,VPH_5basico,1081
13122,VACUNA BCG,BCG_RN,1524
13122,VACUNA DTPA 1 BASICO,dTpa_1basico,2185
13122,VACUNA DTPA 8 BASICO,dTpa_8basico,2706
13122,VACUNA DTPA GESTANTES,dTpa_Gestantes,1461
13122,VACUNA HEPATITIS A PEDIATRICA,Cohorte_18M,1908
13122,VACUNA HEPATITIS B RN,HepB_RN,1539
13122,VACUNA HEXAVALENTE 1RA DOSIS,Cohorte_2M,1769
13122,VACUNA HEXAVALENTE 2DA DOSIS,Cohorte_4M,1816
13122,VACUNA HEXAVALENTE 3RA DOSIS,Hexavalente_3d_6m,1855
13122,VACUNA HEXAVALENTE REFUERZO,Hexavalente_ref_18m,2080
13122,VACUNA MENINGOCOCICA CONJUGADA DOSIS UNICA,Cohorte_12M,1942
13122,VACUNA MENINGOCOCICA RECOMBINANTE 1RA DOSIS,Cohorte_2M,1775
13122,VACUNA MENINGOCOCICA RECOMBINANTE 2DA DOSIS,Cohorte_4M,1812
13122,VACUNA MENINGOCOCICA RECOMBINANTE REFUERZO,Cohorte_18M,354
13122,VACUNA NEUMOCOCICA CONJUGADA 1RA DOSIS,Cohorte_2M,1766
13122,VACUNA NEUMOCOCICA CONJUGADA 2DA DOSIS,Cohorte_4M,1809
13122,VACUNA NEUMOCOCICA CONJUGADA REFUERZO,Cohorte_12M,2015
13122,VACUNA NEUMOCOCICA POLISACARIDA,Neumococica_Polisacarida_65,1132
13122,VACUNA SRP (TRIVIRICA) 1RA DOSIS,Cohorte_12M,2028
13122,VACUNA SRP (TRIVIRICA) 2DA DOSIS,Cohorte_36M,1719
13122,VACUNA VARICELA 1RA DOSIS,Cohorte_18M,2087
13122,VACUNA VARICELA 2DA DOSIS,Cohorte_36M,1740
13122,VACUNA VPH 4 BASICO,VPH_4basico,2691
13122,VACUNA VPH 5 BASICO,VPH_5basico,2478
13123,VACUNA BCG,BCG_RN,1204
13123,VACUNA DTPA 1 BASICO,dTpa_1basico,1646
13123,VACUNA DTPA 8 BASICO,dTpa_8basico,2084
13123,VACUNA DTPA GESTANTES,dTpa_Gestantes,1189
13123,VACUNA HEPATITIS A PEDIATRICA,Cohorte_18M,1039
13123,VACUNA HEPATITIS B RN,HepB_RN,1147
13123,VACUNA HEXAVALENTE 1RA DOSIS,Cohorte_2M,1287
13123,VACUNA HEXAVALENTE 2DA DOSIS,Cohorte_4M,1247
13123,VACUNA HEXAVALENTE 3RA DOSIS,Hexavalente_3d_6m,1235
13123,VACUNA HEXAVALENTE REFUERZO,Hexavalente_ref_18m,1214
13123,VACUNA MENINGOCOCICA CONJUGADA DOSIS UNICA,Cohorte_12M,1146
13123,VACUNA MENINGOCOCICA RECOMBINANTE 1RA DOSIS,Cohorte_2M,1291
13123,VACUNA MENINGOCOCICA RECOMBINANTE 2DA DOSIS,Cohorte_4M,1238
13123,VACUNA MENINGOCOCICA RECOMBINANTE REFUERZO,Cohorte_18M,277
13123,VACUNA NEUMOCOCICA CONJUGADA 1RA DOSIS,Cohorte_2M,1285
13123,VACUNA NEUMOCOCICA CONJUGADA 2DA DOSIS,Cohorte_4M,1232
13123,VACUNA NEUMOCOCICA CONJUGADA REFUERZO,Cohorte_12M,1195
13123,VACUNA NEUMOCOCICA POLISACARIDA,Neumococica_Polisacarida_65,891
13123,VACUNA SRP (TRIVIRICA) 1RA DOSIS,Cohorte_12M,1207
13123,VACUNA SRP (TRIVIRICA) 2DA DOSIS,Cohorte_36M,1012
13123,VACUNA VARICELA 1RA DOSIS,Cohorte_18M,1216
13123,VACUNA VARICELA 2DA DOSIS,Cohorte_36M,1028
13123,VACUNA VPH 4 BASICO,VPH_4basico,1692
13123,VACUNA VPH 5 BASICO,VPH_5basico,1584
13124,VACUNA BCG,BCG_RN,1648
13124,VACUNA DTPA 1 BASICO,dTpa_1basico,2107
13124,VACUNA DTPA 8 BASICO,dTpa_8basico,2076
13124,VACUNA DTPA GESTANTES,dTpa_Gestantes,1481
13124,VACUNA HEPATITIS A PEDIATRICA,Cohorte_18M,1879
13124,VACUNA HEPATITIS B RN,HepB_RN,1653
13124,VACUNA HEXAVALENTE 1RA DOSIS,Cohorte_2M,1736
13124,VACUNA HEXAVALENTE 2DA DOSIS,Cohorte_4M,1791
13124,VACUNA HEXAVALENTE 3RA DOSIS,Hexavalente_3d_6m,1815
13124,VACUNA HEXAVALENTE REFUERZO,Hexavalente_ref_18m,1895
13124,VACUNA MENINGOCOCICA CONJUGADA DOSIS UNICA,Cohorte_12M,1830
13124,VACUNA MENINGOCOCICA RECOMBINANTE 1RA DOSIS,Cohorte_2M,1746
13124,VACUNA MENINGOCOCICA RECOMBINANTE 2DA DOSIS,Cohorte_4M,1794
13124,VACUNA MENINGOCOCICA RECOMBINANTE REFUERZO,Cohorte_18M,321
13124,VACUNA NEUMOCOCICA CONJUGADA 1RA DOSIS,Cohorte_2M,1737
13124,VACUNA NEUMOCOCICA CONJUGADA 2DA DOSIS,Cohorte_4M,1792
13124,VACUNA NEUMOCOCICA CONJUGADA REFUERZO,Cohorte_12M,1826
13124,VACUNA NEUMOCOCICA POLISACARIDA,Neumococica_Polisacarida_65,1688
13124,VACUNA SRP (TRIVIRICA) 1RA DOSIS,Cohorte_12M,1825
13124,VACUNA SRP (TRIVIRICA) 2DA DOSIS,Cohorte_36M,1690
13124,VACUNA VARICELA 1RA DOSIS,Cohorte_18M,1879
13124,VACUNA VARICELA 2DA DOSIS,Cohorte_36M,1704
13124,VACUNA VPH 4 BASICO,VPH_4basico,2253
13124,VACUNA VPH 5 BASICO,VPH_5basico,2158
13125,VACUNA BCG,BCG_RN,1513
13125,VACUNA DTPA 1 BASICO,dTpa_1basico,2415
13125,VACUNA DTPA 8 BASICO,dTpa_8basico,2679
13125,VACUNA DTPA GESTANTES,dTpa_Gestantes,1457
13125,VACUNA HEPATITIS A PEDIATRICA,Cohorte_18M,2131
13125,VACUNA HEPATITIS B RN,HepB_RN,1516
13125,VACUNA HEXAVALENTE 1RA DOSIS,Cohorte_2M,1782
13125,VACUNA HEXAVALENTE 2DA DOSIS,Cohorte_4M,1808
13125,VACUNA HEXAVALENTE 3RA DOSIS,Hexavalente_3d_6m,1800
13125,VACUNA HEXAVALENTE REFUERZO,Hexavalente_ref_18m,2128
13125,VACUNA MENINGOCOCICA CONJUGADA DOSIS UNICA,Cohorte_12M,1938
13125,VACUNA MENINGOCOCICA RECOMBINANTE 1RA DOSIS,Cohorte_2M,1799
13125,VACUNA MENINGOCOCICA RECOMBINANTE 2DA DOSIS,Cohorte_4M,1805
13125,VACUNA MENINGOCOCICA RECOMBINANTE REFUERZO,Cohorte_18M,311
13125,VACUNA NEUMOCOCICA CONJUGADA 1RA DOSIS,Cohorte_2M,1789
13125,VACUNA NEUMOCOCICA CONJUGADA 2DA DOSIS,Cohorte_4M,1810
13125,VACUNA NEUMOCOCICA CONJUGADA REFUERZO,Cohorte_12M,1930
13125,VACUNA NEUMOCOCICA POLISACARIDA,Neumococica_Polisacarida_65,989
13125,VACUNA SRP (TRIVIRICA) 1RA DOSIS,Cohorte_12M,1952
13125,VACUNA SRP (TRIVIRICA) 2DA DOSIS,Cohorte_36M,1758
13125,VACUNA VARICELA 1RA DOSIS,Cohorte_18M,2139
13125,VACUNA VARICELA 2DA DOSIS,Cohorte_36M,1766
13125,VACUNA VPH 4 BASICO,VPH_4basico,2693
13125,VACUNA VPH 5 BASICO,VPH_5basico,2703
13126,VACUNA BCG,BCG_RN,971
13126,VACUNA DTPA 1 BASICO,dTpa_1basico,1484
13126,VACUNA DTPA 8 BASICO,dTpa_8basico,1528
13126,VACUNA DTPA GESTANTES,dTpa_Gestantes,842
13126,VACUNA HEPATITIS A PEDIATRICA,Cohorte_18M,960
13126,VACUNA HEPATITIS B RN,HepB_RN,961
13126,VACUNA HEXAVALENTE 1RA DOSIS,Cohorte_2M,952
13126,VACUNA HEXAVALENTE 2DA DOSIS,Cohorte_4M,988
13126,VACUNA HEXAVALENTE 3RA DOSIS,Hexavalente_3d_6m,1002
13126,VACUNA HEXAVALENTE REFUERZO,Hexavalente_ref_18m,959
13126,VACUNA MENINGOCOCICA CONJUGADA DOSIS UNICA,Cohorte_12M,1049
13126,VACUNA MENINGOCOCICA RECOMBINANTE 1RA DOSIS,Cohorte_2M,980
13126,VACUNA MENINGOCOCICA RECOMBINANTE 2DA DOSIS,Cohorte_4M,1006
13126,VACUNA MENINGOCOCICA RECOMBINANTE REFUERZO,Cohorte_18M,138
13126,VACUNA NEUMOCOCICA CONJUGADA 1RA DOSIS,Cohorte_2M,958
13126,VACUNA NEUMOCOCICA CONJUGADA 2DA DOSIS,Cohorte_4M,992
13126,VACUNA NEUMOCOCICA CONJUGADA REFUERZO,Cohorte_12M,1024
13126,VACUNA NEUMOCOCICA POLISACARIDA,Neumococica_Polisacarida_65,577
13126,VACUNA SRP (TRIVIRICA) 1RA DOSIS,Cohorte_12M,1037
13126,VACUNA SRP (TRIVIRICA) 2DA DOSIS,Cohorte_36M,782
13126,VACUNA VARICELA 1RA DOSIS,Cohorte_18M,952
13126,VACUNA VARICELA 2DA DOSIS,Cohorte_36M,789
13126,VACUNA VPH 4 BASICO,VPH_4basico,1648
13126,VACUNA VPH 5 BASICO,VPH_5basico,1638
13127,VACUNA BCG,BCG_RN,1024
13127,VACUNA DTPA 1 BASICO,dTpa_1basico,1881
13127,VACUNA DTPA 8 BASICO,dTpa_8basico,2003
13127,VACUNA DTPA GESTANTES,dTpa_Gestantes,1147
13127,VACUNA HEPATITIS A PEDIATRICA,Cohorte_18M,1382
13127,VACUNA HEPATITIS B RN,HepB_RN,1019
13127,VACUNA HEXAVALENTE 1RA DOSIS,Cohorte_2M,1374
13127,VACUNA HEXAVALENTE 2DA DOSIS,Cohorte_4M,1338
13127,VACUNA HEXAVALENTE 3RA DOSIS,Hexavalente_3d_6m,1315
13127,VACUNA HEXAVALENTE REFUERZO,Hexavalente_ref_18m,1380
13127,VACUNA MENINGOCOCICA CONJUGADA DOSIS UNICA,Cohorte_12M,1327
13127,VACUNA MENINGOCOCICA RECOMBINANTE 1RA DOSIS,Cohorte_2M,1404
13127,VACUNA MENINGOCOCICA RECOMBINANTE 2DA DOSIS,Cohorte_4M,1369
13127,VACUNA MENINGOCOCICA RECOMBINANTE REFUERZO,Cohorte_18M,198
13127,VACUNA NEUMOCOCICA CONJUGADA 1RA DOSIS,Cohorte_2M,1374
13127,VACUNA NEUMOCOCICA CONJUGADA 2DA DOSIS,Cohorte_4M,1343
13127,VACUNA NEUMOCOCICA CONJUGADA REFUERZO,Cohorte_12M,1300
13127,VACUNA NEUMOCOCICA POLISACARIDA,Neumococica_Polisacarida_65,935
13127,VACUNA SRP (TRIVIRICA) 1RA DOSIS,Cohorte_12M,1306
13127,VACUNA SRP (TRIVIRICA) 2DA DOSIS,Cohorte_36M,1170
13127,VACUNA VARICELA 1RA DOSIS,Cohorte_18M,1374
13127,VACUNA VARICELA 2DA DOSIS,Cohorte_36M,1206
13127,VACUNA VPH 4 BASICO,VPH_4basico,2093
13127,VACUNA VPH 5 BASICO,VPH_5basico,2004
13128,VACUNA BCG,BCG_RN,1166
13128,VACUNA DTPA 1 BASICO,dTpa_1basico,1523
13128,VACUNA DTPA 8 BASICO,dTpa_8basico,1499
13128,VACUNA DTPA GESTANTES,dTpa_Gestantes,1032
13128,VACUNA HEPATITIS A PEDIATRICA,Cohorte_18M,1366
13128,VACUNA HEPATITIS B RN,HepB_RN,1166
13128,VACUNA HEXAVALENTE 1RA DOSIS,Cohorte_2M,1248
13128,VACUNA HEXAVALENTE 2DA DOSIS,Cohorte_4M,1286
13128,VACUNA HEXAVALENTE 3RA DOSIS,Hexavalente_3d_6m,1257
13128,VACUNA HEXAVALENTE REFUERZO,Hexavalente_ref_18m,1373
13128,VACUNA MENINGOCOCICA CONJUGADA DOSIS UNICA,Cohorte_12M,1304
13128,VACUNA MENINGOCOCICA RECOMBINANTE 1RA DOSIS,Cohorte_2M,1257
13128,VACUNA MENINGOCOCICA RECOMBINANTE 2DA DOSIS,Cohorte_4M,1292
13128,VACUNA MENINGOCOCICA RECOMBINANTE REFUERZO,Cohorte_18M,217
13128,VACUNA NEUMOCOCICA CONJUGADA 1RA DOSIS,Cohorte_2M,1253
13128,VACUNA NEUMOCOCICA CONJUGADA 2DA DOSIS,Cohorte_4M,1290
13128,VACUNA NEUMOCOCICA CONJUGADA REFUERZO,Cohorte_12M,1308
13128,VACUNA NEUMOCOCICA POLISACARIDA,Neumococica_Polisacarida_65,859
13128,VACUNA SRP (TRIVIRICA) 1RA DOSIS,Cohorte_12M,1319
13128,VACUNA SRP (TRIVIRICA) 2DA DOSIS,Cohorte_36M,1157
13128,VACUNA VARICELA 1RA DOSIS,Cohorte_18M,1378
13128,VACUNA VARICELA 2DA DOSIS,Cohorte_36M,1236
13128,VACUNA VPH 4 BASICO,VPH_4basico,1686
13128,VACUNA VPH 5 BASICO,VPH_5basico,1471
13129,VACUNA BCG,BCG_RN,568
13129,VACUNA DTPA 1 BASICO,dTpa_1basico,774
13129,VACUNA DTPA 8 BASICO,dTpa_8basico,767
13129,VACUNA DTPA GESTANTES,dTpa_Gestantes,512
13129,VACUNA HEPATITIS A PEDIATRICA,Cohorte_18M,757
13129,VACUNA HEPATITIS B RN,HepB_RN,565
13129,VACUNA HEXAVALENTE 1RA DOSIS,Cohorte_2M,703
13129,VACUNA HEXAVALENTE 2DA DOSIS,Cohorte_4M,699
13129,VACUNA HEXAVALENTE 3RA DOSIS,Hexavalente_3d_6m,722
13129,VACUNA HEXAVALENTE REFUERZO,Hexavalente_ref_18m,752
13129,VACUNA MENINGOCOCICA CONJUGADA DOSIS UNICA,Cohorte_12M,739
13129,VACUNA MENINGOCOCICA RECOMBINANTE 1RA DOSIS,Cohorte_2M,717
13129,VACUNA MENINGOCOCICA RECOMBINANTE 2DA DOSIS,Cohorte_4M,702
13129,VACUNA MENINGOCOCICA RECOMBINANTE REFUERZO,Cohorte_18M,107
13129,VACUNA NEUMOCOCICA CONJUGADA 1RA DOSIS,Cohorte_2M,708
13129,VACUNA NEUMOCOCICA CONJUGADA 2DA DOSIS,Cohorte_4M,701
13129,VACUNA NEUMOCOCICA CONJUGADA REFUERZO,Cohorte_12M,728
13129,VACUNA NEUMOCOCICA POLISACARIDA,Neumococica_Polisacarida_65,645
13129,VACUNA SRP (TRIVIRICA) 1RA DOSIS,Cohorte_12M,727
13129,VACUNA SRP (TRIVIRICA) 2DA DOSIS,Cohorte_36M,631
13129,VACUNA VARICELA 1RA DOSIS,Cohorte_18M,752
13129,VACUNA VARICELA 2DA DOSIS,Cohorte_36M,655
13129,VACUNA VPH 4 BASICO,VPH_4basico,813
13129,VACUNA VPH 5 BASICO,VPH_5basico,754
13130,VACUNA BCG,BCG_RN,1215
13130,VACUNA DTPA 1 BASICO,dTpa_1basico,1505
13130,VACUNA DTPA 8 BASICO,dTpa_8basico,1618
13130,VACUNA DTPA GESTANTES,dTpa_Gestantes,1099
13130,VACUNA HEPATITIS A PEDIATRICA,Cohorte_18M,1388
13130,VACUNA HEPATITIS B RN,HepB_RN,1207
13130,VACUNA HEXAVALENTE 1RA DOSIS,Cohorte_2M,1342
13130,VACUNA HEXAVALENTE 2DA DOSIS,Cohorte_4M,1350
13130,VACUNA HEXAVALENTE 3RA DOSIS,Hexavalente_3d_6m,1383
13130,VACUNA HEXAVALENTE REFUERZO,Hexavalente_ref_18m,1445
13130,VACUNA MENINGOCOCICA CONJUGADA DOSIS UNICA,Cohorte_12M,1459
13130,VACUNA MENINGOCOCICA RECOMBINANTE 1RA DOSIS,Cohorte_2M,1346
13130,VACUNA MENINGOCOCICA RECOMBINANTE 2DA DOSIS,Cohorte_4M,1353
13130,VACUNA MENINGOCOCICA RECOMBINANTE REFUERZO,Cohorte_18M,192
13130,VACUNA NEUMOCOCICA CONJUGADA 1RA DOSIS,Cohorte_2M,1348
13130,VACUNA NEUMOCOCICA CONJUGADA 2DA DOSIS,Cohorte_4M,1352
13130,VACUNA NEUMOCOCICA CONJUGADA REFUERZO,Cohorte_12M,1460
13130,VACUNA NEUMOCOCICA POLISACARIDA,Neumococica_Polisacarida_65,811
13130,VACUNA SRP (TRIVIRICA) 1RA DOSIS,Cohorte_12M,1463
13130,VACUNA SRP (TRIVIRICA) 2DA DOSIS,Cohorte_36M,1038
13130,VACUNA VARICELA 1RA DOSIS,Cohorte_18M,1451
13130,VACUNA VARICELA 2DA DOSIS,Cohorte_36M,1066
13130,VACUNA VPH 4 BASICO,VPH_4basico,1550
13130,VACUNA VPH 5 BASICO,VPH_5basico,1467
13131,VACUNA BCG,BCG_RN,517
13131,VACUNA DTPA 1 BASICO,dTpa_1basico,806
13131,VACUNA DTPA 8 BASICO,dTpa_8basico,968
13131,VACUNA DTPA GESTANTES,dTpa_Gestantes,480
13131,VACUNA HEPATITIS A PEDIATRICA,Cohorte_18M,654
13131,VACUNA HEPATITIS B RN,HepB_RN,526
13131,VACUNA HEXAVALENTE 1RA DOSIS,Cohorte_2M,548
13131,VACUNA HEXAVALENTE 2DA DOSIS,Cohorte_4M,556
13131,VACUNA HEXAVALENTE 3RA DOSIS,Hexavalente_3d_6m,561
13131,VACUNA HEXAVALENTE REFUERZO,Hexavalente_ref_18m,652
13131,VACUNA MENINGOCOCICA CONJUGADA DOSIS UNICA,Cohorte_12M,618
13131,VACUNA MENINGOCOCICA RECOMBINANTE 1RA DOSIS,Cohorte_2M,553
13131,VACUNA MENINGOCOCICA RECOMBINANTE 2DA DOSIS,Cohorte_4M,557
13131,VACUNA MENINGOCOCICA RECOMBINANTE REFUERZO,Cohorte_18M,104
13131,VACUNA NEUMOCOCICA CONJUGADA 1RA DOSIS,Cohorte_2M,549
13131,VACUNA NEUMOCOCICA CONJUGADA 2DA DOSIS,Cohorte_4M,554
13131,VACUNA NEUMOCOCICA CONJUGADA REFUERZO,Cohorte_12M,616
13131,VACUNA NEUMOCOCICA POLISACARIDA,Neumococica_Polisacarida_65,374
13131,VACUNA SRP (TRIVIRICA) 1RA DOSIS,Cohorte_12M,617
13131,VACUNA SRP (TRIVIRICA) 2DA DOSIS,Cohorte_36M,602
13131,VACUNA VARICELA 1RA DOSIS,Cohorte_18M,651
13131,VACUNA VARICELA 2DA DOSIS,Cohorte_36M,596
13131,VACUNA VPH 4 BASICO,VPH_4basico,1020
13131,VACUNA VPH 5 BASICO,VPH_5basico,993
13132,VACUNA BCG,BCG_RN,1103
13132,VACUNA DTPA 1 BASICO,dTpa_1basico,1630
13132,VACUNA DTPA 8 BASICO,dTpa_8basico,1353
13132,VACUNA DTPA GESTANTES,dTpa_Gestantes,875
13132,VACUNA HEPATITIS A PEDIATRICA,Cohorte_18M,654
13132,VACUNA HEPATITIS B RN,HepB_RN,1216
13132,VACUNA HEXAVALENTE 1RA DOSIS,Cohorte_2M,965
13132,VACUNA HEXAVALENTE 2DA DOSIS,Cohorte_4M,961
13132,VACUNA HEXAVALENTE 3RA DOSIS,Hexavalente_3d_6m,946
13132,VACUNA HEXAVALENTE REFUERZO,Hexavalente_ref_18m,842
13132,VACUNA MENINGOCOCICA CONJUGADA DOSIS UNICA,Cohorte_12M,874
13132,VACUNA MENINGOCOCICA RECOMBINANTE 1RA DOSIS,Cohorte_2M,1000
13132,VACUNA MENINGOCOCICA RECOMBINANTE 2DA DOSIS,Cohorte_4M,976
13132,VACUNA MENINGOCOCICA RECOMBINANTE REFUERZO,Cohorte_18M,186
13132,VACUNA NEUMOCOCICA CONJUGADA 1RA DOSIS,Cohorte_2M,959
13132,VACUNA NEUMOCOCICA CONJUGADA 2DA DOSIS,Cohorte_4M,958
13132,VACUNA NEUMOCOCICA CONJUGADA REFUERZO,Cohorte_12M,889
13132,VACUNA NEUMOCOCICA POLISACARIDA,Neumococica_Polisacarida_65,694
13132,VACUNA SRP (TRIVIRICA) 1RA DOSIS,Cohorte_12M,909
13132,VACUNA SRP (TRIVIRICA) 2DA DOSIS,Cohorte_36M,884
13132,VACUNA VARICELA 1RA DOSIS,Cohorte_18M,840
13132,VACUNA VARICELA 2DA DOSIS,Cohorte_36M,904
13132,VACUNA VPH 4 BASICO,VPH_4basico,1550
13132,VACUNA VPH 5 BASICO,VPH_5basico,1479
13201,VACUNA BCG,BCG_RN,4164
13201,VACUNA DTPA 1 BASICO,dTpa_1basico,5708
13201,VACUNA DTPA 8 BASICO,dTpa_8basico,6592
13201,VACUNA DTPA GESTANTES,dTpa_Gestantes,3318
13201,VACUNA HEPATITIS A PEDIATRICA,Cohorte_18M,4141
13201,VACUNA HEPATITIS B RN,HepB_RN,4166
13201,VACUNA HEXAVALENTE 1RA DOSIS,Cohorte_2M,3965
13201,VACUNA HEXAVALENTE 2DA DOSIS,Cohorte_4M,3998
13201,VACUNA HEXAVALENTE 3RA DOSIS,Hexavalente_3d_6m,3990
13201,VACUNA HEXAVALENTE REFUERZO,Hexavalente_ref_18m,4171
13201,VACUNA MENINGOCOCICA CONJUGADA DOSIS UNICA,Cohorte_12M,4042
13201,VACUNA MENINGOCOCICA RECOMBINANTE 1RA DOSIS,Cohorte_2M,3968
13201,VACUNA MENINGOCOCICA RECOMBINANTE 2DA DOSIS,Cohorte_4M,3985
13201,VACUNA MENINGOCOCICA RECOMBINANTE REFUERZO,Cohorte_18M,665
13201,VACUNA NEUMOCOCICA CONJUGADA 1RA DOSIS,Cohorte_2M,3969
13201,VACUNA NEUMOCOCICA CONJUGADA 2DA DOSIS,Cohorte_4M,3998
13201,VACUNA NEUMOCOCICA CONJUGADA REFUERZO,Cohorte_12M,4095
13201,VACUNA NEUMOCOCICA POLISACARIDA,Neumococica_Polisacarida_65,2675
13201,VACUNA SRP (TRIVIRICA) 1RA DOSIS,Cohorte_12M,4130
13201,VACUNA SRP (TRIVIRICA) 2DA DOSIS,Cohorte_36M,3737
13201,VACUNA VARICELA 1RA DOSIS,Cohorte_18M,4167
13201,VACUNA VARICELA 2DA DOSIS,Cohorte_36M,3716
13201,VACUNA VPH 4 BASICO,VPH_4basico,6685
13201,VACUNA VPH 5 BASICO,VPH_5basico,6226
13202,VACUNA BCG,BCG_RN,204
13202,VACUNA DTPA 1 BASICO,dTpa_1basico,319
13202,VACUNA DTPA 8 BASICO,dTpa_8basico,282
13202,VACUNA DTPA GESTANTES,dTpa_Gestantes,204
13202,VACUNA HEPATITIS A PEDIATRICA,Cohorte_18M,255
13202,VACUNA HEPATITIS B RN,HepB_RN,217
13202,VACUNA HEXAVALENTE 1RA DOSIS,Cohorte_2M,268
13202,VACUNA HEXAVALENTE 2DA DOSIS,Cohorte_4M,277
13202,VACUNA HEXAVALENTE 3RA DOSIS,Hexavalente_3d_6m,274
13202,VACUNA HEXAVALENTE REFUERZO,Hexavalente_ref_18m,272
13202,VACUNA MENINGOCOCICA CONJUGADA DOSIS UNICA,Cohorte_12M,270
13202,VACUNA MENINGOCOCICA RECOMBINANTE 1RA DOSIS,Cohorte_2M,268
13202,VACUNA MENINGOCOCICA RECOMBINANTE 2DA DOSIS,Cohorte_4M,278
13202,VACUNA MENINGOCOCICA RECOMBINANTE REFUERZO,Cohorte_18M,50
13202,VACUNA NEUMOCOCICA CONJUGADA 1RA DOSIS,Cohorte_2M,268
13202,VACUNA NEUMOCOCICA CONJUGADA 2DA DOSIS,Cohorte_4M,278
13202,VACUNA NEUMOCOCICA CONJUGADA REFUERZO,Cohorte_12M,288
13202,VACUNA NEUMOCOCICA POLISACARIDA,Neumococica_Polisacarida_65,253
13202,VACUNA SRP (TRIVIRICA) 1RA DOSIS,Cohorte_12M,290
13202,VACUNA SRP (TRIVIRICA) 2DA DOSIS,Cohorte_36M,255
13202,VACUNA VARICELA 1RA DOSIS,Cohorte_18M,276
13202,VACUNA VARICELA 2DA DOSIS,Cohorte_36M,251
13202,VACUNA VPH 4 BASICO,VPH_4basico,347
13202,VACUNA VPH 5 BASICO,VPH_5basico,299
13203,VACUNA BCG,BCG_RN,98
13203,VACUNA DTPA 1 BASICO,dTpa_1basico,160
13203,VACUNA DTPA 8 BASICO,dTpa_8basico,151
13203,VACUNA DTPA GESTANTES,dTpa_Gestantes,88
13203,VACUNA HEPATITIS A PEDIATRICA,Cohorte_18M,130
13203,VACUNA HEPATITIS B RN,HepB_RN,103
13203,VACUNA HEXAVALENTE 1RA DOSIS,Cohorte_2M,139
13203,VACUNA HEXAVALENTE 2DA DOSIS,Cohorte_4M,139
13203,VACUNA HEXAVALENTE 3RA DOSIS,Hexavalente_3d_6m,141
13203,VACUNA HEXAVALENTE REFUERZO,Hexavalente_ref_18m,132
13203,VACUNA MENINGOCOCICA CONJUGADA DOSIS UNICA,Cohorte_12M,126
13203,VACUNA MENINGOCOCICA RECOMBINANTE 1RA DOSIS,Cohorte_2M,138
13203,VACUNA MENINGOCOCICA RECOMBINANTE 2DA DOSIS,Cohorte_4M,138
13203,VACUNA MENINGOCOCICA RECOMBINANTE REFUERZO,Cohorte_18M,12
13203,VACUNA NEUMOCOCICA CONJUGADA 1RA DOSIS,Cohorte_2M,139
13203,VACUNA NEUMOCOCICA CONJUGADA 2DA DOSIS,Cohorte_4M,140
13203,VACUNA NEUMOCOCICA CONJUGADA REFUERZO,Cohorte_12M,129
13203,VACUNA NEUMOCOCICA POLISACARIDA,Neumococica_Polisacarida_65,89
13203,VACUNA SRP (TRIVIRICA) 1RA DOSIS,Cohorte_12M,132
13203,VACUNA SRP (TRIVIRICA) 2DA DOSIS,Cohorte_36M,151
13203,VACUNA VARICELA 1RA DOSIS,Cohorte_18M,131
13203,VACUNA VARICELA 2DA DOSIS,Cohorte_36M,150
13203,VACUNA VPH 4 BASICO,VPH_4basico,187
13203,VACUNA VPH 5 BASICO,VPH_5basico,150
13301,VACUNA BCG,BCG_RN,1610
13301,VACUNA DTPA 1 BASICO,dTpa_1basico,2581
13301,VACUNA DTPA 8 BASICO,dTpa_8basico,2811
13301,VACUNA DTPA GESTANTES,dTpa_Gestantes,1564
13301,VACUNA HEPATITIS A PEDIATRICA,Cohorte_18M,2183
13301,VACUNA HEPATITIS B RN,HepB_RN,1572
13301,VACUNA HEXAVALENTE 1RA DOSIS,Cohorte_2M,1868
13301,VACUNA HEXAVALENTE 2DA DOSIS,Cohorte_4M,1933
13301,VACUNA HEXAVALENTE 3RA DOSIS,Hexavalente_3d_6m,2018
13301,VACUNA HEXAVALENTE REFUERZO,Hexavalente_ref_18m,2210
13301,VACUNA MENINGOCOCICA CONJUGADA DOSIS UNICA,Cohorte_12M,2163
13301,VACUNA MENINGOCOCICA RECOMBINANTE 1RA DOSIS,Cohorte_2M,1892
13301,VACUNA MENINGOCOCICA RECOMBINANTE 2DA DOSIS,Cohorte_4M,1943
13301,VACUNA MENINGOCOCICA RECOMBINANTE REFUERZO,Cohorte_18M,500
13301,VACUNA NEUMOCOCICA CONJUGADA 1RA DOSIS,Cohorte_2M,1865
13301,VACUNA NEUMOCOCICA CONJUGADA 2DA DOSIS,Cohorte_4M,1931
13301,VACUNA NEUMOCOCICA CONJUGADA REFUERZO,Cohorte_12M,2163
13301,VACUNA NEUMOCOCICA POLISACARIDA,Neumococica_Polisacarida_65,676
13301,VACUNA SRP (TRIVIRICA) 1RA DOSIS,Cohorte_12M,2162
13301,VACUNA SRP (TRIVIRICA) 2DA DOSIS,Cohorte_36M,2067
13301,VACUNA VARICELA 1RA DOSIS,Cohorte_18M,2219
13301,VACUNA VARICELA 2DA DOSIS,Cohorte_36M,2094
13301,VACUNA VPH 4 BASICO,VPH_4basico,2943
13301,VACUNA VPH 5 BASICO,VPH_5basico,2851
13302,VACUNA BCG,BCG_RN,1303
13302,VACUNA DTPA 1 BASICO,dTpa_1basico,1694
13302,VACUNA DTPA 8 BASICO,dTpa_8basico,1439
13302,VACUNA DTPA GESTANTES,dTpa_Gestantes,999
13302,VACUNA HEPATITIS A PEDIATRICA,Cohorte_18M,1362
13302,VACUNA HEPATITIS B RN,HepB_RN,1307
13302,VACUNA HEXAVALENTE 1RA DOSIS,Cohorte_2M,1238
13302,VACUNA HEXAVALENTE 2DA DOSIS,Cohorte_4M,1268
13302,VACUNA HEXAVALENTE 3RA DOSIS,Hexavalente_3d_6m,1305
13302,VACUNA HEXAVALENTE REFUERZO,Hexavalente_ref_18m,1381
13302,VACUNA MENINGOCOCICA CONJUGADA DOSIS UNICA,Cohorte_12M,1356
13302,VACUNA MENINGOCOCICA RECOMBINANTE 1RA DOSIS,Cohorte_2M,1261
13302,VACUNA MENINGOCOCICA RECOMBINANTE 2DA DOSIS,Cohorte_4M,1287
13302,VACUNA MENINGOCOCICA RECOMBINANTE REFUERZO,Cohorte_18M,282
13302,VACUNA NEUMOCOCICA CONJUGADA 1RA DOSIS,Cohorte_2M,1246
13302,VACUNA NEUMOCOCICA CONJUGADA 2DA DOSIS,Cohorte_4M,1275
13302,VACUNA NEUMOCOCICA CONJUGADA REFUERZO,Cohorte_12M,1343
13302,VACUNA NEUMOCOCICA POLISACARIDA,Neumococica_Polisacarida_65,498
13302,VACUNA SRP (TRIVIRICA) 1RA DOSIS,Cohorte_12M,1358
13302,VACUNA SRP (TRIVIRICA) 2DA DOSIS,Cohorte_36M,1245
13302,VACUNA VARICELA 1RA DOSIS,Cohorte_18M,1386
13302,VACUNA VARICELA 2DA DOSIS,Cohorte_36M,1254
13302,VACUNA VPH 4 BASICO,VPH_4basico,1435
13302,VACUNA VPH 5 BASICO,VPH_5basico,1515
13303,VACUNA BCG,BCG_RN,173
13303,VACUNA DTPA 1 BASICO,dTpa_1basico,270
13303,VACUNA DTPA 8 BASICO,dTpa_8basico,221
13303,VACUNA DTPA GESTANTES,dTpa_Gestantes,153
13303,VACUNA HEPATITIS A PEDIATRICA,Cohorte_18M,195
13303,VACUNA HEPATITIS B RN,HepB_RN,173
13303,VACUNA HEXAVALENTE 1RA DOSIS,Cohorte_2M,180
13303,VACUNA HEXAVALENTE 2DA DOSIS,Cohorte_4M,172
13303,VACUNA HEXAVALENTE 3RA DOSIS,Hexavalente_3d_6m,180
13303,VACUNA HEXAVALENTE REFUERZO,Hexavalente_ref_18m,195
13303,VACUNA MENINGOCOCICA CONJUGADA DOSIS UNICA,Cohorte_12M,188
13303,VACUNA MENINGOCOCICA RECOMBINANTE 1RA DOSIS,Cohorte_2M,179
13303,VACUNA MENINGOCOCICA RECOMBINANTE 2DA DOSIS,Cohorte_4M,172
13303,VACUNA MENINGOCOCICA RECOMBINANTE REFUERZO,Cohorte_18M,32
13303,VACUNA NEUMOCOCICA CONJUGADA 1RA DOSIS,Cohorte_2M,180
13303,VACUNA NEUMOCOCICA CONJUGADA 2DA DOSIS,Cohorte_4M,173
13303,VACUNA NEUMOCOCICA CONJUGADA REFUERZO,Cohorte_12M,185
13303,VACUNA NEUMOCOCICA POLISACARIDA,Neumococica_Polisacarida_65,138
13303,VACUNA SRP (TRIVIRICA) 1RA DOSIS,Cohorte_12M,188
13303,VACUNA SRP (TRIVIRICA) 2DA DOSIS,Cohorte_36M,229
13303,VACUNA VARICELA 1RA DOSIS,Cohorte_18M,199
13303,VACUNA VARICELA 2DA DOSIS,Cohorte_36M,231
13303,VACUNA VPH 4 BASICO,VPH_4basico,289
13303,VACUNA VPH 5 BASICO,VPH_5basico,248
13401,VACUNA BCG,BCG_RN,2496
13401,VACUNA DTPA 1 BASICO,dTpa_1basico,3207
13401,VACUNA DTPA 8 BASICO,dTpa_8basico,3713
13401,VACUNA DTPA GESTANTES,dTpa_Gestantes,1973
13401,VACUNA HEPATITIS A PEDIATRICA,Cohorte_18M,2693
13401,VACUNA HEPATITIS B RN,HepB_RN,2477
13401,VACUNA HEXAVALENTE 1RA DOSIS,Cohorte_2M,2482
13401,VACUNA HEXAVALENTE 2DA DOSIS,Cohorte_4M,2444
13401,VACUNA HEXAVALENTE 3RA DOSIS,Hexavalente_3d_6m,2530
13401,VACUNA HEXAVALENTE REFUERZO,Hexavalente_ref_18m,2713
13401,VACUNA MENINGOCOCICA CONJUGADA DOSIS UNICA,Cohorte_12M,2658
13401,VACUNA MENINGOCOCICA RECOMBINANTE 1RA DOSIS,Cohorte_2M,2509
13401,VACUNA MENINGOCOCICA RECOMBINANTE 2DA DOSIS,Cohorte_4M,2456
13401,VACUNA MENINGOCOCICA RECOMBINANTE REFUERZO,Cohorte_18M,439
13401,VACUNA NEUMOCOCICA CONJUGADA 1RA DOSIS,Cohorte_2M,2484
13401,VACUNA NEUMOCOCICA CONJUGADA 2DA DOSIS,Cohorte_4M,2441
13401,VACUNA NEUMOCOCICA CONJUGADA REFUERZO,Cohorte_12M,2671
13401,VACUNA NEUMOCOCICA POLISACARIDA,Neumococica_Polisacarida_65,1820
13401,VACUNA SRP (TRIVIRICA) 1RA DOSIS,Cohorte_12M,2677
13401,VACUNA SRP (TRIVIRICA) 2DA DOSIS,Cohorte_36M,2317
13401,VACUNA VARICELA 1RA DOSIS,Cohorte_18M,2718
13401,VACUNA VARICELA 2DA DOSIS,Cohorte_36M,2314
13401,VACUNA VPH 4 BASICO,VPH_4basico,3646
13401,VACUNA VPH 5 BASICO,VPH_5basico,3454
13402,VACUNA BCG,BCG_RN,1213
13402,VACUNA DTPA 1 BASICO,dTpa_1basico,1424
13402,VACUNA DTPA 8 BASICO,dTpa_8basico,1476
13402,VACUNA DTPA GESTANTES,dTpa_Gestantes,984
13402,VACUNA HEPATITIS A PEDIATRICA,Cohorte_18M,1283
13402,VACUNA HEPATITIS B RN,HepB_RN,1208
13402,VACUNA HEXAVALENTE 1RA DOSIS,Cohorte_2M,1255
13402,VACUNA HEXAVALENTE 2DA DOSIS,Cohorte_4M,1323
13402,VACUNA HEXAVALENTE 3RA DOSIS,Hexavalente_3d_6m,1323
13402,VACUNA HEXAVALENTE REFUERZO,Hexavalente_ref_18m,1331
13402,VACUNA MENINGOCOCICA CONJUGADA DOSIS UNICA,Cohorte_12M,1268
13402,VACUNA MENINGOCOCICA RECOMBINANTE 1RA DOSIS,Cohorte_2M,1261
13402,VACUNA MENINGOCOCICA RECOMBINANTE 2DA DOSIS,Cohorte_4M,1319
13402,VACUNA MENINGOCOCICA RECOMBINANTE REFUERZO,Cohorte_18M,217
13402,VACUNA NEUMOCOCICA CONJUGADA 1RA DOSIS,Cohorte_2M,1254
13402,VACUNA NEUMOCOCICA CONJUGADA 2DA DOSIS,Cohorte_4M,1320
13402,VACUNA NEUMOCOCICA CONJUGADA REFUERZO,Cohorte_12M,1296
13402,VACUNA NEUMOCOCICA POLISACARIDA,Neumococica_Polisacarida_65,720
13402,VACUNA SRP (TRIVIRICA) 1RA DOSIS,Cohorte_12M,1313
13402,VACUNA SRP (TRIVIRICA) 2DA DOSIS,Cohorte_36M,1178
13402,VACUNA VARICELA 1RA DOSIS,Cohorte_18M,1340
13402,VACUNA VARICELA 2DA DOSIS,Cohorte_36M,1175
13402,VACUNA VPH 4 BASICO,VPH_4basico,1516
13402,VACUNA VPH 5 BASICO,VPH_5basico,1421
13403,VACUNA BCG,BCG_RN,171
13403,VACUNA DTPA 1 BASICO,dTpa_1basico,337
13403,VACUNA DTPA 8 BASICO,dTpa_8basico,388
13403,VACUNA DTPA GESTANTES,dTpa_Gestantes,177
13403,VACUNA HEPATITIS A PEDIATRICA,Cohorte_18M,243
13403,VACUNA HEPATITIS B RN,HepB_RN,190
13403,VACUNA HEXAVALENTE 1RA DOSIS,Cohorte_2M,210
13403,VACUNA HEXAVALENTE 2DA DOSIS,Cohorte_4M,198
13403,VACUNA HEXAVALENTE 3RA DOSIS,Hexavalente_3d_6m,196
13403,VACUNA HEXAVALENTE REFUERZO,Hexavalente_ref_18m,246
13403,VACUNA MENINGOCOCICA CONJUGADA DOSIS UNICA,Cohorte_12M,208
13403,VACUNA MENINGOCOCICA RECOMBINANTE 1RA DOSIS,Cohorte_2M,211
13403,VACUNA MENINGOCOCICA RECOMBINANTE 2DA DOSIS,Cohorte_4M,196
13403,VACUNA MENINGOCOCICA RECOMBINANTE REFUERZO,Cohorte_18M,44
13403,VACUNA NEUMOCOCICA CONJUGADA 1RA DOSIS,Cohorte_2M,211
13403,VACUNA NEUMOCOCICA CONJUGADA 2DA DOSIS,Cohorte_4M,197
13403,VACUNA NEUMOCOCICA CONJUGADA REFUERZO,Cohorte_12M,211
13403,VACUNA NEUMOCOCICA POLISACARIDA,Neumococica_Polisacarida_65,208
13403,VACUNA SRP (TRIVIRICA) 1RA DOSIS,Cohorte_12M,210
13403,VACUNA SRP (TRIVIRICA) 2DA DOSIS,Cohorte_36M,220
13403,VACUNA VARICELA 1RA DOSIS,Cohorte_18M,247
13403,VACUNA VARICELA 2DA DOSIS,Cohorte_36M,223
13403,VACUNA VPH 4 BASICO,VPH_4basico,384
13403,VACUNA VPH 5 BASICO,VPH_5basico,370
13404,VACUNA BCG,BCG_RN,576
13404,VACUNA DTPA 1 BASICO,dTpa_1basico,1081
13404,VACUNA DTPA 8 BASICO,dTpa_8basico,1204
13404,VACUNA DTPA GESTANTES,dTpa_Gestantes,608
13404,VACUNA HEPATITIS A PEDIATRICA,Cohorte_18M,867
13404,VACUNA HEPATITIS B RN,HepB_RN,566
13404,VACUNA HEXAVALENTE 1RA DOSIS,Cohorte_2M,715
13404,VACUNA HEXAVALENTE 2DA DOSIS,Cohorte_4M,734
13404,VACUNA HEXAVALENTE 3RA DOSIS,Hexavalente_3d_6m,757
13404,VACUNA HEXAVALENTE REFUERZO,Hexavalente_ref_18m,848
13404,VACUNA MENINGOCOCICA CONJUGADA DOSIS UNICA,Cohorte_12M,825
13404,VACUNA MENINGOCOCICA RECOMBINANTE 1RA DOSIS,Cohorte_2M,744
13404,VACUNA MENINGOCOCICA RECOMBINANTE 2DA DOSIS,Cohorte_4M,749
13404,VACUNA MENINGOCOCICA RECOMBINANTE REFUERZO,Cohorte_18M,137
13404,VACUNA NEUMOCOCICA CONJUGADA 1RA DOSIS,Cohorte_2M,717
13404,VACUNA NEUMOCOCICA CONJUGADA 2DA DOSIS,Cohorte_4M,731
13404,VACUNA NEUMOCOCICA CONJUGADA REFUERZO,Cohorte_12M,805
13404,VACUNA NEUMOCOCICA POLISACARIDA,Neumococica_Polisacarida_65,635
13404,VACUNA SRP (TRIVIRICA) 1RA DOSIS,Cohorte_12M,818
13404,VACUNA SRP (TRIVIRICA) 2DA DOSIS,Cohorte_36M,735
13404,VACUNA VARICELA 1RA DOSIS,Cohorte_18M,863
13404,VACUNA VARICELA 2DA DOSIS,Cohorte_36M,738
13404,VACUNA VPH 4 BASICO,VPH_4basico,1173
13404,VACUNA VPH 5 BASICO,VPH_5basico,1092
13501,VACUNA BCG,BCG_RN,1181
13501,VACUNA DTPA 1 BASICO,dTpa_1basico,1586
13501,VACUNA DTPA 8 BASICO,dTpa_8basico,1625
13501,VACUNA DTPA GESTANTES,dTpa_Gestantes,1170
13501,VACUNA HEPATITIS A PEDIATRICA,Cohorte_18M,1528
13501,VACUNA HEPATITIS B RN,HepB_RN,1160
13501,VACUNA HEXAVALENTE 1RA DOSIS,Cohorte_2M,1382
13501,VACUNA HEXAVALENTE 2DA DOSIS,Cohorte_4M,1413
13501,VACUNA HEXAVALENTE 3RA DOSIS,Hexavalente_3d_6m,1389
13501,VACUNA HEXAVALENTE REFUERZO,Hexavalente_ref_18m,1506
13501,VACUNA MENINGOCOCICA CONJUGADA DOSIS UNICA,Cohorte_12M,1478
13501,VACUNA MENINGOCOCICA RECOMBINANTE 1RA DOSIS,Cohorte_2M,1440
13501,VACUNA MENINGOCOCICA RECOMBINANTE 2DA DOSIS,Cohorte_4M,1440
13501,VACUNA MENINGOCOCICA RECOMBINANTE REFUERZO,Cohorte_18M,201
13501,VACUNA NEUMOCOCICA CONJUGADA 1RA DOSIS,Cohorte_2M,1383
13501,VACUNA NEUMOCOCICA CONJUGADA 2DA DOSIS,Cohorte_4M,1413
13501,VACUNA NEUMOCOCICA CONJUGADA REFUERZO,Cohorte_12M,1462
13501,VACUNA NEUMOCOCICA POLISACARIDA,Neumococica_Polisacarida_65,755
13501,VACUNA SRP (TRIVIRICA) 1RA DOSIS,Cohorte_12M,1474
13501,VACUNA SRP (TRIVIRICA) 2DA DOSIS,Cohorte_36M,1229
13501,VACUNA VARICELA 1RA DOSIS,Cohorte_18M,1531
13501,VACUNA VARICELA 2DA DOSIS,Cohorte_36M,1240
13501,VACUNA VPH 4 BASICO,VPH_4basico,1742
13501,VACUNA VPH 5 BASICO,VPH_5basico,1577
13502,VACUNA BCG,BCG_RN,65
13502,VACUNA DTPA 1 BASICO,dTpa_1basico,110
13502,VACUNA DTPA 8 BASICO,dTpa_8basico,106
13502,VACUNA DTPA GESTANTES,dTpa_Gestantes,75
13502,VACUNA HEPATITIS A PEDIATRICA,Cohorte_18M,120
13502,VACUNA HEPATITIS B RN,HepB_RN,63
13502,VACUNA HEXAVALENTE 1RA DOSIS,Cohorte_2M,90
13502,VACUNA HEXAVALENTE 2DA DOSIS,Cohorte_4M,89
13502,VACUNA HEXAVALENTE 3RA DOSIS,Hexavalente_3d_6m,104
13502,VACUNA HEXAVALENTE REFUERZO,Hexavalente_ref_18m,120
13502,VACUNA MENINGOCOCICA CONJUGADA DOSIS UNICA,Cohorte_12M,119
13502,VACUNA MENINGOCOCICA RECOMBINANTE 1RA DOSIS,Cohorte_2M,95
13502,VACUNA MENINGOCOCICA RECOMBINANTE 2DA DOSIS,Cohorte_4M,94
13502,VACUNA MENINGOCOCICA RECOMBINANTE REFUERZO,Cohorte_18M,21
13502,VACUNA NEUMOCOCICA CONJUGADA 1RA DOSIS,Cohorte_2M,90
13502,VACUNA NEUMOCOCICA CONJUGADA 2DA DOSIS,Cohorte_4M,89
13502,VACUNA NEUMOCOCICA CONJUGADA REFUERZO,Cohorte_12M,117
13502,VACUNA NEUMOCOCICA POLISACARIDA,Neumococica_Polisacarida_65,75
13502,VACUNA SRP (TRIVIRICA) 1RA DOSIS,Cohorte_12M,116
13502,VACUNA SRP (TRIVIRICA) 2DA DOSIS,Cohorte_36M,110
13502,VACUNA VARICELA 1RA DOSIS,Cohorte_18M,120
13502,VACUNA VARICELA 2DA DOSIS,Cohorte_36M,107
13502,VACUNA VPH 4 BASICO,VPH_4basico,122
13502,VACUNA VPH 5 BASICO,VPH_5basico,119
13503,VACUNA BCG,BCG_RN,272
13503,VACUNA DTPA 1 BASICO,dTpa_1basico,438
13503,VACUNA DTPA 8 BASICO,dTpa_8basico,502
13503,VACUNA DTPA GESTANTES,dTpa_Gestantes,217
13503,VACUNA HEPATITIS A PEDIATRICA,Cohorte_18M,322
13503,VACUNA HEPATITIS B RN,HepB_RN,273
13503,VACUNA HEXAVALENTE 1RA DOSIS,Cohorte_2M,274
13503,VACUNA HEXAVALENTE 2DA DOSIS,Cohorte_4M,295
13503,VACUNA HEXAVALENTE 3RA DOSIS,Hexavalente_3d_6m,303
13503,VACUNA HEXAVALENTE REFUERZO,Hexavalente_ref_18m,319
13503,VACUNA MENINGOCOCICA CONJUGADA DOSIS UNICA,Cohorte_12M,299
13503,VACUNA MENINGOCOCICA RECOMBINANTE 1RA DOSIS,Cohorte_2M,273
13503,VACUNA MENINGOCOCICA RECOMBINANTE 2DA DOSIS,Cohorte_4M,294
13503,VACUNA MENINGOCOCICA RECOMBINANTE REFUERZO,Cohorte_18M,53
13503,VACUNA NEUMOCOCICA CONJUGADA 1RA DOSIS,Cohorte_2M,274
13503,VACUNA NEUMOCOCICA CONJUGADA 2DA DOSIS,Cohorte_4M,295
13503,VACUNA NEUMOCOCICA CONJUGADA REFUERZO,Cohorte_12M,301
13503,VACUNA NEUMOCOCICA POLISACARIDA,Neumococica_Polisacarida_65,238
13503,VACUNA SRP (TRIVIRICA) 1RA DOSIS,Cohorte_12M,301
13503,VACUNA SRP (TRIVIRICA) 2DA DOSIS,Cohorte_36M,288
13503,VACUNA VARICELA 1RA DOSIS,Cohorte_18M,322
13503,VACUNA VARICELA 2DA DOSIS,Cohorte_36M,286
13503,VACUNA VPH 4 BASICO,VPH_4basico,514
13503,VACUNA VPH 5 BASICO,VPH_5basico,450
13504,VACUNA BCG,BCG_RN,109
13504,VACUNA DTPA 1 BASICO,dTpa_1basico,147
13504,VACUNA DTPA 8 BASICO,dTpa_8basico,136
13504,VACUNA DTPA GESTANTES,dTpa_Gestantes,113
13504,VACUNA HEPATITIS A PEDIATRICA,Cohorte_18M,188
13504,VACUNA HEPATITIS B RN,HepB_RN,111
13504,VACUNA HEXAVALENTE 1RA DOSIS,Cohorte_2M,136
13504,VACUNA HEXAVALENTE 2DA DOSIS,Cohorte_4M,124
13504,VACUNA HEXAVALENTE 3RA DOSIS,Hexavalente_3d_6m,135
13504,VACUNA HEXAVALENTE REFUERZO,Hexavalente_ref_18m,191
13504,VACUNA MENINGOCOCICA CONJUGADA DOSIS UNICA,Cohorte_12M,155
13504,VACUNA MENINGOCOCICA RECOMBINANTE 1RA DOSIS,Cohorte_2M,137
13504,VACUNA MENINGOCOCICA RECOMBINANTE 2DA DOSIS,Cohorte_4M,123
13504,VACUNA MENINGOCOCICA RECOMBINANTE REFUERZO,Cohorte_18M,33
13504,VACUNA NEUMOCOCICA CONJUGADA 1RA DOSIS,Cohorte_2M,135
13504,VACUNA NEUMOCOCICA CONJUGADA 2DA DOSIS,Cohorte_4M,124
13504,VACUNA NEUMOCOCICA CONJUGADA REFUERZO,Cohorte_12M,156
13504,VACUNA NEUMOCOCICA POLISACARIDA,Neumococica_Polisacarida_65,79
13504,VACUNA SRP (TRIVIRICA) 1RA DOSIS,Cohorte_12M,158
13504,VACUNA SRP (TRIVIRICA) 2DA DOSIS,Cohorte_36M,140
13504,VACUNA VARICELA 1RA DOSIS,Cohorte_18M,191
13504,VACUNA VARICELA 2DA DOSIS,Cohorte_36M,143
13504,VACUNA VPH 4 BASICO,VPH_4basico,158
13504,VACUNA VPH 5 BASICO,VPH_5basico,140
13505,VACUNA BCG,BCG_RN,104
13505,VACUNA DTPA 1 BASICO,dTpa_1basico,143
13505,VACUNA DTPA 8 BASICO,dTpa_8basico,145
13505,VACUNA DTPA GESTANTES,dTpa_Gestantes,117
13505,VACUNA HEPATITIS A PEDIATRICA,Cohorte_18M,169
13505,VACUNA HEPATITIS B RN,HepB_RN,128
13505,VACUNA HEXAVALENTE 1RA DOSIS,Cohorte_2M,145
13505,VACUNA HEXAVALENTE 2DA DOSIS,Cohorte_4M,143
13505,VACUNA HEXAVALENTE 3RA DOSIS,Hexavalente_3d_6m,146
13505,VACUNA HEXAVALENTE REFUERZO,Hexavalente_ref_18m,169
13505,VACUNA MENINGOCOCICA CONJUGADA DOSIS UNICA,Cohorte_12M,162
13505,VACUNA MENINGOCOCICA RECOMBINANTE 1RA DOSIS,Cohorte_2M,166
13505,VACUNA MENINGOCOCICA RECOMBINANTE 2DA DOSIS,Cohorte_4M,152
13505,VACUNA MENINGOCOCICA RECOMBINANTE REFUERZO,Cohorte_18M,20
13505,VACUNA NEUMOCOCICA CONJUGADA 1RA DOSIS,Cohorte_2M,147
13505,VACUNA NEUMOCOCICA CONJUGADA 2DA DOSIS,Cohorte_4M,145
13505,VACUNA NEUMOCOCICA CONJUGADA REFUERZO,Cohorte_12M,161
13505,VACUNA NEUMOCOCICA POLISACARIDA,Neumococica_Polisacarida_65,93
13505,VACUNA SRP (TRIVIRICA) 1RA DOSIS,Cohorte_12M,161
13505,VACUNA SRP (TRIVIRICA) 2DA DOSIS,Cohorte_36M,104
13505,VACUNA VARICELA 1RA DOSIS,Cohorte_18M,174
13505,VACUNA VARICELA 2DA DOSIS,Cohorte_36M,108
13505,VACUNA VPH 4 BASICO,VPH_4basico,147
13505,VACUNA VPH 5 BASICO,VPH_5basico,144
13601,VACUNA BCG,BCG_RN,611
13601,VACUNA DTPA 1 BASICO,dTpa_1basico,1042
13601,VACUNA DTPA 8 BASICO,dTpa_8basico,1327
13601,VACUNA DTPA GESTANTES,dTpa_Gestantes,436
13601,VACUNA HEPATITIS A PEDIATRICA,Cohorte_18M,712
13601,VACUNA HEPATITIS B RN,HepB_RN,605
13601,VACUNA HEXAVALENTE 1RA DOSIS,Cohorte_2M,642
13601,VACUNA HEXAVALENTE 2DA DOSIS,Cohorte_4M,652
13601,VACUNA HEXAVALENTE 3RA DOSIS,Hexavalente_3d_6m,695
13601,VACUNA HEXAVALENTE REFUERZO,Hexavalente_ref_18m,721
13601,VACUNA MENINGOCOCICA CONJUGADA DOSIS UNICA,Cohorte_12M,697
13601,VACUNA MENINGOCOCICA RECOMBINANTE 1RA DOSIS,Cohorte_2M,639
13601,VACUNA MENINGOCOCICA RECOMBINANTE 2DA DOSIS,Cohorte_4M,653
13601,VACUNA MENINGOCOCICA RECOMBINANTE REFUERZO,Cohorte_18M,126
13601,VACUNA NEUMOCOCICA CONJUGADA 1RA DOSIS,Cohorte_2M,643
13601,VACUNA NEUMOCOCICA CONJUGADA 2DA DOSIS,Cohorte_4M,654
13601,VACUNA NEUMOCOCICA CONJUGADA REFUERZO,Cohorte_12M,698
13601,VACUNA NEUMOCOCICA POLISACARIDA,Neumococica_Polisacarida_65,451
13601,VACUNA SRP (TRIVIRICA) 1RA DOSIS,Cohorte_12M,704
13601,VACUNA SRP (TRIVIRICA) 2DA DOSIS,Cohorte_36M,619
13601,VACUNA VARICELA 1RA DOSIS,Cohorte_18M,723
13601,VACUNA VARICELA 2DA DOSIS,Cohorte_36M,629
13601,VACUNA VPH 4 BASICO,VPH_4basico,1246
13601,VACUNA VPH 5 BASICO,VPH_5basico,1205
13602,VACUNA BCG,BCG_RN,313
13602,VACUNA DTPA 1 BASICO,dTpa_1basico,397
13602,VACUNA DTPA 8 BASICO,dTpa_8basico,442
13602,VACUNA DTPA GESTANTES,dTpa_Gestantes,231
13602,VACUNA HEPATITIS A PEDIATRICA,Cohorte_18M,297
13602,VACUNA HEPATITIS B RN,HepB_RN,317
13602,VACUNA HEXAVALENTE 1RA DOSIS,Cohorte_2M,307
13602,VACUNA HEXAVALENTE 2DA DOSIS,Cohorte_4M,298
13602,VACUNA HEXAVALENTE 3RA DOSIS,Hexavalente_3d_6m,300
13602,VACUNA HEXAVALENTE REFUERZO,Hexavalente_ref_18m,311
13602,VACUNA MENINGOCOCICA CONJUGADA DOSIS UNICA,Cohorte_12M,245
13602,VACUNA MENINGOCOCICA RECOMBINANTE 1RA DOSIS,Cohorte_2M,308
13602,VACUNA MENINGOCOCICA RECOMBINANTE 2DA DOSIS,Cohorte_4M,299
13602,VACUNA MENINGOCOCICA RECOMBINANTE REFUERZO,Cohorte_18M,39
13602,VACUNA NEUMOCOCICA CONJUGADA 1RA DOSIS,Cohorte_2M,306
13602,VACUNA NEUMOCOCICA CONJUGADA 2DA DOSIS,Cohorte_4M,297
13602,VACUNA NEUMOCOCICA CONJUGADA REFUERZO,Cohorte_12M,278
13602,VACUNA NEUMOCOCICA POLISACARIDA,Neumococica_Polisacarida_65,263
13602,VACUNA SRP (TRIVIRICA) 1RA DOSIS,Cohorte_12M,276
13602,VACUNA SRP (TRIVIRICA) 2DA DOSIS,Cohorte_36M,273
13602,VACUNA VARICELA 1RA DOSIS,Cohorte_18M,307
13602,VACUNA VARICELA 2DA DOSIS,Cohorte_36M,273
13602,VACUNA VPH 4 BASICO,VPH_4basico,521
13602,VACUNA VPH 5 BASICO,VPH_5basico,489
13603,VACUNA BCG,BCG_RN,313
13603,VACUNA DTPA 1 BASICO,dTpa_1basico,419
13603,VACUNA DTPA 8 BASICO,dTpa_8basico,487
13603,VACUNA DTPA GESTANTES,dTpa_Gestantes,286
13603,VACUNA HEPATITIS A PEDIATRICA,Cohorte_18M,392
13603,VACUNA HEPATITIS B RN,HepB_RN,310
13603,VACUNA HEXAVALENTE 1RA DOSIS,Cohorte_2M,325
13603,VACUNA HEXAVALENTE 2DA DOSIS,Cohorte_4M,338
13603,VACUNA HEXAVALENTE 3RA DOSIS,Hexavalente_3d_6m,350
13603,VACUNA HEXAVALENTE REFUERZO,Hexavalente_ref_18m,393
13603,VACUNA MENINGOCOCICA CONJUGADA DOSIS UNICA,Cohorte_12M,381
13603,VACUNA MENINGOCOCICA RECOMBINANTE 1RA DOSIS,Cohorte_2M,335
13603,VACUNA MENINGOCOCICA RECOMBINANTE 2DA DOSIS,Cohorte_4M,344
13603,VACUNA MENINGOCOCICA RECOMBINANTE REFUERZO,Cohorte_18M,66
13603,VACUNA NEUMOCOCICA CONJUGADA 1RA DOSIS,Cohorte_2M,324
13603,VACUNA NEUMOCOCICA CONJUGADA 2DA DOSIS,Cohorte_4M,338
13603,VACUNA NEUMOCOCICA CONJUGADA REFUERZO,Cohorte_12M,375
13603,VACUNA NEUMOCOCICA POLISACARIDA,Neumococica_Polisacarida_65,259
13603,VACUNA SRP (TRIVIRICA) 1RA DOSIS,Cohorte_12M,378
13603,VACUNA SRP (TRIVIRICA) 2DA DOSIS,Cohorte_36M,359
13603,VACUNA VARICELA 1RA DOSIS,Cohorte_18M,398
13603,VACUNA VARICELA 2DA DOSIS,Cohorte_36M,364
13603,VACUNA VPH 4 BASICO,VPH_4basico,498
13603,VACUNA VPH 5 BASICO,VPH_5basico,454
13604,VACUNA BCG,BCG_RN,675
13604,VACUNA DTPA 1 BASICO,dTpa_1basico,980
13604,VACUNA DTPA 8 BASICO,dTpa_8basico,1018
13604,VACUNA DTPA GESTANTES,dTpa_Gestantes,553
13604,VACUNA HEPATITIS A PEDIATRICA,Cohorte_18M,805
13604,VACUNA HEPATITIS B RN,HepB_RN,670
13604,VACUNA HEXAVALENTE 1RA DOSIS,Cohorte_2M,728
13604,VACUNA HEXAVALENTE 2DA DOSIS,Cohorte_4M,760
13604,VACUNA HEXAVALENTE 3RA DOSIS,Hexavalente_3d_6m,782
13604,VACUNA HEXAVALENTE REFUERZO,Hexavalente_ref_18m,814
13604,VACUNA MENINGOCOCICA CONJUGADA DOSIS UNICA,Cohorte_12M,799
13604,VACUNA MENINGOCOCICA RECOMBINANTE 1RA DOSIS,Cohorte_2M,728
13604,VACUNA MENINGOCOCICA RECOMBINANTE 2DA DOSIS,Cohorte_4M,763
13604,VACUNA MENINGOCOCICA RECOMBINANTE REFUERZO,Cohorte_18M,160
13604,VACUNA NEUMOCOCICA CONJUGADA 1RA DOSIS,Cohorte_2M,730
13604,VACUNA NEUMOCOCICA CONJUGADA 2DA DOSIS,Cohorte_4M,762
13604,VACUNA NEUMOCOCICA CONJUGADA REFUERZO,Cohorte_12M,789
13604,VACUNA NEUMOCOCICA POLISACARIDA,Neumococica_Polisacarida_65,354
13604,VACUNA SRP (TRIVIRICA) 1RA DOSIS,Cohorte_12M,797
13604,VACUNA SRP (TRIVIRICA) 2DA DOSIS,Cohorte_36M,687
13604,VACUNA VARICELA 1RA DOSIS,Cohorte_18M,814
13604,VACUNA VARICELA 2DA DOSIS,Cohorte_36M,694
13604,VACUNA VPH 4 BASICO,VPH_4basico,1036
13604,VACUNA VPH 5 BASICO,VPH_5basico,1007
13605,VACUNA BCG,BCG_RN,632
13605,VACUNA DTPA 1 BASICO,dTpa_1basico,991
13605,VACUNA DTPA 8 BASICO,dTpa_8basico,1163
13605,VACUNA DTPA GESTANTES,dTpa_Gestantes,551
13605,VACUNA HEPATITIS A PEDIATRICA,Cohorte_18M,834
13605,VACUNA HEPATITIS B RN,HepB_RN,637
13605,VACUNA HEXAVALENTE 1RA DOSIS,Cohorte_2M,652
13605,VACUNA HEXAVALENTE 2DA DOSIS,Cohorte_4M,701
13605,VACUNA HEXAVALENTE 3RA DOSIS,Hexavalente_3d_6m,694
13605,VACUNA HEXAVALENTE REFUERZO,Hexavalente_ref_18m,837
13605,VACUNA MENINGOCOCICA CONJUGADA DOSIS UNICA,Cohorte_12M,768
13605,VACUNA MENINGOCOCICA RECOMBINANTE 1RA DOSIS,Cohorte_2M,658
13605,VACUNA MENINGOCOCICA RECOMBINANTE 2DA DOSIS,Cohorte_4M,704
13605,VACUNA MENINGOCOCICA RECOMBINANTE REFUERZO,Cohorte_18M,139
13605,VACUNA NEUMOCOCICA CONJUGADA 1RA DOSIS,Cohorte_2M,653
13605,VACUNA NEUMOCOCICA CONJUGADA 2DA DOSIS,Cohorte_4M,701
13605,VACUNA NEUMOCOCICA CONJUGADA REFUERZO,Cohorte_12M,767
13605,VACUNA NEUMOCOCICA POLISACARIDA,Neumococica_Polisacarida_65,662
13605,VACUNA SRP (TRIVIRICA) 1RA DOSIS,Cohorte_12M,768
13605,VACUNA SRP (TRIVIRICA) 2DA DOSIS,Cohorte_36M,742
13605,VACUNA VARICELA 1RA DOSIS,Cohorte_18M,840
13605,VACUNA VARICELA 2DA DOSIS,Cohorte_36M,744
13605,VACUNA VPH 4 BASICO,VPH_4basico,1178
13605,VACUNA VPH 5 BASICO,VPH_5basico,1065
