COD_COMUNA_JOIN,COMUNA_CALCULO,VACUNA_DASHBOARD,CLAVE_DENOMINADOR,VACUNAS_ADMINISTRADAS,POBLACION_OBJETIVO,PORC_COBERTURA
13101,Santiago,VACUNA BCG,BCG_RN,3789,3963.0,95.6
13101,Santiago,VACUNA DTPA 1 BASICO,dTpa_1basico,3850,3932.0,97.9
13101,Santiago,VACUNA DTPA 8 BASICO,dTpa_8basico,4887,5327.0,91.7
13101,Santiago,VACUNA DTPA GESTANTES,dTpa_Gestantes,3109,4591.0,67.7
13101,Santiago,VACUNA HEPATITIS A PEDIATRICA,Cohorte_18M,3427,4489.0,76.3
13101,Santiago,VACUNA HEPATITIS B RN,HepB_RN,3815,3963.0,96.3
13101,Santiago,VACUNA HEXAVALENTE 1RA DOSIS,Cohorte_2M,3773,4002.0,94.3
13101,Santiago,VACUNA HEXAVALENTE 2DA DOSIS,Cohorte_4M,3601,4028.0,89.4
13101,Santiago,VACUNA HEXAVALENTE 3RA DOSIS,Hexavalente_3d_6m,3549,4046.0,87.7
13101,Santiago,VACUNA HEXAVALENTE REFUERZO,Hexavalente_ref_18m,3512,4489.0,78.2
13101,Santiago,VACUNA MENINGOCOCICA CONJUGADA DOSIS UNICA,Cohorte_12M,3676,4085.0,90.0
13101,Santiago,VACUNA MENINGOCOCICA RECOMBINANTE 1RA DOSIS,Cohorte_2M,3868,4002.0,96.7
13101,Santiago,VACUNA MENINGOCOCICA RECOMBINANTE 2DA DOSIS,Cohorte_4M,3665,4028.0,91.0
13101,Santiago,VACUNA MENINGOCOCICA RECOMBINANTE REFUERZO,Cohorte_18M,621,4489.0,13.8
13101,Santiago,VACUNA NEUMOCOCICA CONJUGADA 1RA DOSIS,Cohorte_2M,3780,4002.0,94.5
13101,Santiago,VACUNA NEUMOCOCICA CONJUGADA 2DA DOSIS,Cohorte_4M,3621,4028.0,89.9
13101,Santiago,VACUNA NEUMOCOCICA CONJUGADA REFUERZO,Cohorte_12M,3598,4085.0,88.1
13101,Santiago,VACUNA NEUMOCOCICA POLISACARIDA,Neumococica_Polisacarida_65,1861,3449.0,54.0
13101,Santiago,VACUNA SRP (TRIVIRICA) 1RA DOSIS,Cohorte_12M,3638,4085.0,89.1
13101,Santiago,VACUNA SRP (TRIVIRICA) 2DA DOSIS,Cohorte_36M,2690,4385.0,61.3
13101,Santiago,VACUNA VARICELA 1RA DOSIS,Cohorte_18M,3514,4489.0,78.3
13101,Santiago,VACUNA VARICELA 2DA DOSIS,Cohorte_36M,2794,4385.0,63.7
13101,Santiago,VACUNA VPH 4 BASICO,VPH_4basico,4262,4421.0,96.4
13101,Santiago,VACUNA VPH 5 BASICO,VPH_5basico,4248,4432.0,95.8
13102,Cerrillos,VACUNA BCG,BCG_RN,569,722.0,78.8
13102,Cerrillos,VACUNA DTPA 1 BASICO,dTpa_1basico,797,958.0,83.2
13102,Cerrillos,VACUNA DTPA 8 BASICO,dTpa_8basico,796,979.0,81.3
13102,Cerrillos,VACUNA DTPA GESTANTES,dTpa_Gestantes,565,776.0,72.8
13102,Cerrillos,VACUNA HEPATITIS A PEDIATRICA,Cohorte_18M,780,825.0,94.5
13102,Cerrillos,VACUNA HEPATITIS B RN,HepB_RN,590,722.0,81.7
13102,Cerrillos,VACUNA HEXAVALENTE 1RA DOSIS,Cohorte_2M,707,744.0,95.0
13102,Cerrillos,VACUNA HEXAVALENTE 2DA DOSIS,Cohorte_4M,707,767.0,92.2
13102,Cerrillos,VACUNA HEXAVALENTE 3RA DOSIS,Hexavalente_3d_6m,699,758.0,92.2
13102,Cerrillos,VACUNA HEXAVALENTE REFUERZO,Hexavalente_ref_18m,785,825.0,95.2
13102,Cerrillos,VACUNA MENINGOCOCICA CONJUGADA DOSIS UNICA,Cohorte_12M,735,794.0,92.6
13102,Cerrillos,VACUNA MENINGOCOCICA RECOMBINANTE 1RA DOSIS,Cohorte_2M,713,744.0,95.8
13102,Cerrillos,VACUNA MENINGOCOCICA RECOMBINANTE 2DA DOSIS,Cohorte_4M,710,767.0,92.6
13102,Cerrillos,VACUNA MENINGOCOCICA RECOMBINANTE REFUERZO,Cohorte_18M,140,825.0,17.0
13102,Cerrillos,VACUNA NEUMOCOCICA CONJUGADA 1RA DOSIS,Cohorte_2M,708,744.0,95.2
13102,Cerrillos,VACUNA NEUMOCOCICA CONJUGADA 2DA DOSIS,Cohorte_4M,707,767.0,92.2
13102,Cerrillos,VACUNA NEUMOCOCICA CONJUGADA REFUERZO,Cohorte_12M,734,794.0,92.4
13102,Cerrillos,VACUNA NEUMOCOCICA POLISACARIDA,Neumococica_Polisacarida_65,432,853.0,50.6
13102,Cerrillos,VACUNA SRP (TRIVIRICA) 1RA DOSIS,Cohorte_12M,737,794.0,92.8
13102,Cerrillos,VACUNA SRP (TRIVIRICA) 2DA DOSIS,Cohorte_36M,658,741.0,88.8
13102,Cerrillos,VACUNA VARICELA 1RA DOSIS,Cohorte_18M,785,825.0,95.2
13102,Cerrillos,VACUNA VARICELA 2DA DOSIS,Cohorte_36M,664,741.0,89.6
13102,Cerrillos,VACUNA VPH 4 BASICO,VPH_4basico,844,972.0,86.8
13102,Cerrillos,VACUNA VPH 5 BASICO,VPH_5basico,835,1027.0,81.3
13103,Cerro Navia,VACUNA BCG,BCG_RN,1039,1161.0,89.5
13103,Cerro Navia,VACUNA DTPA 1 BASICO,dTpa_1basico,1211,1326.0,91.3
13103,Cerro Navia,VACUNA DTPA 8 BASICO,dTpa_8basico,1201,1357.0,88.5
13103,Cerro Navia,VACUNA DTPA GESTANTES,dTpa_Gestantes,928,1479.0,62.7
13103,Cerro Navia,VACUNA HEPATITIS A PEDIATRICA,Cohorte_18M,1230,1498.0,82.1
13103,Cerro Navia,VACUNA HEPATITIS B RN,HepB_RN,1040,1161.0,89.6
13103,Cerro Navia,VACUNA HEXAVALENTE 1RA DOSIS,Cohorte_2M,1134,1188.0,95.5
13103,Cerro Navia,VACUNA HEXAVALENTE 2DA DOSIS,Cohorte_4M,1127,1231.0,91.6
13103,Cerro Navia,VACUNA HEXAVALENTE 3RA DOSIS,Hexavalente_3d_6m,1137,1278.0,89.0
13103,Cerro Navia,VACUNA HEXAVALENTE REFUERZO,Hexavalente_ref_18m,1202,1498.0,80.2
13103,Cerro Navia,VACUNA MENINGOCOCICA CONJUGADA DOSIS UNICA,Cohorte_12M,1148,1356.0,84.7
13103,Cerro Navia,VACUNA MENINGOCOCICA RECOMBINANTE 1RA DOSIS,Cohorte_2M,1148,1188.0,96.6
13103,Cerro Navia,VACUNA MENINGOCOCICA RECOMBINANTE 2DA DOSIS,Cohorte_4M,1135,1231.0,92.2
13103,Cerro Navia,VACUNA MENINGOCOCICA RECOMBINANTE REFUERZO,Cohorte_18M,175,1498.0,11.7
13103,Cerro Navia,VACUNA NEUMOCOCICA CONJUGADA 1RA DOSIS,Cohorte_2M,1137,1188.0,95.7
13103,Cerro Navia,VACUNA NEUMOCOCICA CONJUGADA 2DA DOSIS,Cohorte_4M,1128,1231.0,91.6
13103,Cerro Navia,VACUNA NEUMOCOCICA CONJUGADA REFUERZO,Cohorte_12M,1177,1356.0,86.8
13103,Cerro Navia,VACUNA NEUMOCOCICA POLISACARIDA,Neumococica_Polisacarida_65,656,1383.0,47.4
13103,Cerro Navia,VACUNA SRP (TRIVIRICA) 1RA DOSIS,Cohorte_12M,1187,1356.0,87.5
13103,Cerro Navia,VACUNA SRP (TRIVIRICA) 2DA DOSIS,Cohorte_36M,1003,1413.0,71.0
13103,Cerro Navia,VACUNA VARICELA 1RA DOSIS,Cohorte_18M,1227,1498.0,81.9
13103,Cerro Navia,VACUNA VARICELA 2DA DOSIS,Cohorte_36M,993,1413.0,70.3
13103,Cerro Navia,VACUNA VPH 4 BASICO,VPH_4basico,1280,1412.0,90.7
13103,Cerro Navia,VACUNA VPH 5 BASICO,VPH_5basico,1203,1345.0,89.4
13104,Conchalí,VACUNA BCG,BCG_RN,787,906.0,86.9
13104,Conchalí,VACUNA DTPA 1 BASICO,dTpa_1basico,1303,1496.0,87.1
13104,Conchalí,VACUNA DTPA 8 BASICO,dTpa_8basico,1347,1578.0,85.4
13104,Conchalí,VACUNA DTPA GESTANTES,dTpa_Gestantes,779,1183.0,65.8
13104,Conchalí,VACUNA HEPATITIS A PEDIATRICA,Cohorte_18M,1045,1149.0,90.9
13104,Conchalí,VACUNA HEPATITIS B RN,HepB_RN,798,906.0,88.1
13104,Conchalí,VACUNA HEXAVALENTE 1RA DOSIS,Cohorte_2M,883,913.0,96.7
13104,Conchalí,VACUNA HEXAVALENTE 2DA DOSIS,Cohorte_4M,929,943.0,98.5
13104,Conchalí,VACUNA HEXAVALENTE 3RA DOSIS,Hexavalente_3d_6m,904,965.0,93.7
13104,Conchalí,VACUNA HEXAVALENTE REFUERZO,Hexavalente_ref_18m,1059,1149.0,92.2
13104,Conchalí,VACUNA MENINGOCOCICA CONJUGADA DOSIS UNICA,Cohorte_12M,992,1077.0,92.1
13104,Conchalí,VACUNA MENINGOCOCICA RECOMBINANTE 1RA DOSIS,Cohorte_2M,896,913.0,98.1
13104,Conchalí,VACUNA MENINGOCOCICA RECOMBINANTE 2DA DOSIS,Cohorte_4M,927,943.0,98.3
13104,Conchalí,VACUNA MENINGOCOCICA RECOMBINANTE REFUERZO,Cohorte_18M,154,1149.0,13.4
13104,Conchalí,VACUNA NEUMOCOCICA CONJUGADA 1RA DOSIS,Cohorte_2M,884,913.0,96.8
13104,Conchalí,VACUNA NEUMOCOCICA CONJUGADA 2DA DOSIS,Cohorte_4M,927,943.0,98.3
13104,Conchalí,VACUNA NEUMOCOCICA CONJUGADA REFUERZO,Cohorte_12M,1023,1077.0,95.0
13104,Conchalí,VACUNA NEUMOCOCICA POLISACARIDA,Neumococica_Polisacarida_65,683,1323.0,51.6
13104,Conchalí,VACUNA SRP (TRIVIRICA) 1RA DOSIS,Cohorte_12M,1030,1077.0,95.6
13104,Conchalí,VACUNA SRP (TRIVIRICA) 2DA DOSIS,Cohorte_36M,831,1130.0,73.5
13104,Conchalí,VACUNA VARICELA 1RA DOSIS,Cohorte_18M,1055,1149.0,91.8
13104,Conchalí,VACUNA VARICELA 2DA DOSIS,Cohorte_36M,843,1130.0,74.6
13104,Conchalí,VACUNA VPH 4 BASICO,VPH_4basico,1494,1720.0,86.9
13104,Conchalí,VACUNA VPH 5 BASICO,VPH_5basico,1477,1743.0,84.7
13105,El Bosque,VACUNA BCG,BCG_RN,1029,1124.0,91.5
13105,El Bosque,VACUNA DTPA 1 BASICO,dTpa_1basico,1999,2366.0,84.5
13105,El Bosque,VACUNA DTPA 8 BASICO,dTpa_8basico,1984,2566.0,77.3
13105,El Bosque,VACUNA DTPA GESTANTES,dTpa_Gestantes,1133,1501.0,75.5
13105,El Bosque,VACUNA HEPATITIS A PEDIATRICA,Cohorte_18M,1584,1450.0,109.2
13105,El Bosque,VACUNA HEPATITIS B RN,HepB_RN,1059,1124.0,94.2
13105,El Bosque,VACUNA HEXAVALENTE 1RA DOSIS,Cohorte_2M,1279,1153.0,110.9
13105,El Bosque,VACUNA HEXAVALENTE 2DA DOSIS,Cohorte_4M,1294,1175.0,110.1
13105,El Bosque,VACUNA HEXAVALENTE 3RA DOSIS,Hexavalente_3d_6m,1357,1245.0,109.0
13105,El Bosque,VACUNA HEXAVALENTE REFUERZO,Hexavalente_ref_18m,1577,1450.0,108.8
13105,El Bosque,VACUNA MENINGOCOCICA CONJUGADA DOSIS UNICA,Cohorte_12M,1455,1341.0,108.5
13105,El Bosque,VACUNA MENINGOCOCICA RECOMBINANTE 1RA DOSIS,Cohorte_2M,1296,1153.0,112.4
13105,El Bosque,VACUNA MENINGOCOCICA RECOMBINANTE 2DA DOSIS,Cohorte_4M,1300,1175.0,110.6
13105,El Bosque,VACUNA MENINGOCOCICA RECOMBINANTE REFUERZO,Cohorte_18M,233,1450.0,16.1
13105,El Bosque,VACUNA NEUMOCOCICA CONJUGADA 1RA DOSIS,Cohorte_2M,1279,1153.0,110.9
13105,El Bosque,VACUNA NEUMOCOCICA CONJUGADA 2DA DOSIS,Cohorte_4M,1298,1175.0,110.5
13105,El Bosque,VACUNA NEUMOCOCICA CONJUGADA REFUERZO,Cohorte_12M,1443,1341.0,107.6
13105,El Bosque,VACUNA NEUMOCOCICA POLISACARIDA,Neumococica_Polisacarida_65,1506,1738.0,86.7
13105,El Bosque,VACUNA SRP (TRIVIRICA) 1RA DOSIS,Cohorte_12M,1448,1341.0,108.0
13105,El Bosque,VACUNA SRP (TRIVIRICA) 2DA DOSIS,Cohorte_36M,1402,1434.0,97.8
13105,El Bosque,VACUNA VARICELA 1RA DOSIS,Cohorte_18M,1583,1450.0,109.2
13105,El Bosque,VACUNA VARICELA 2DA DOSIS,Cohorte_36M,1420,1434.0,99.0
13105,El Bosque,VACUNA VPH 4 BASICO,VPH_4basico,2194,2607.0,84.2
13105,El Bosque,VACUNA VPH 5 BASICO,VPH_5basico,1973,2528.0,78.0
13106,Estación Central,VACUNA BCG,BCG_RN,1056,1754.0,60.2
13106,Estación Central,VACUNA DTPA 1 BASICO,dTpa_1basico,1456,1857.0,78.4
13106,Estación Central,VACUNA DTPA 8 BASICO,dTpa_8basico,1393,1811.0,76.9
13106,Estación Central,VACUNA DTPA GESTANTES,dTpa_Gestantes,1181,2284.0,51.7
13106,Estación Central,VACUNA HEPATITIS A PEDIATRICA,Cohorte_18M,1478,2272.0,65.1
13106,Estación Central,VACUNA HEPATITIS B RN,HepB_RN,1058,1754.0,60.3
13106,Estación Central,VACUNA HEXAVALENTE 1RA DOSIS,Cohorte_2M,1400,1820.0,76.9
13106,Estación Central,VACUNA HEXAVALENTE 2DA DOSIS,Cohorte_4M,1433,1886.0,76.0
13106,Estación Central,VACUNA HEXAVALENTE 3RA DOSIS,Hexavalente_3d_6m,1426,1930.0,73.9
13106,Estación Central,VACUNA HEXAVALENTE REFUERZO,Hexavalente_ref_18m,1482,2272.0,65.2
13106,Estación Central,VACUNA MENINGOCOCICA CONJUGADA DOSIS UNICA,Cohorte_12M,1504,2099.0,71.7
13106,Estación Central,VACUNA MENINGOCOCICA RECOMBINANTE 1RA DOSIS,Cohorte_2M,1418,1820.0,77.9
13106,Estación Central,VACUNA MENINGOCOCICA RECOMBINANTE 2DA DOSIS,Cohorte_4M,1431,1886.0,75.9
13106,Estación Central,VACUNA MENINGOCOCICA RECOMBINANTE REFUERZO,Cohorte_18M,168,2272.0,7.4
13106,Estación Central,VACUNA NEUMOCOCICA CONJUGADA 1RA DOSIS,Cohorte_2M,1408,1820.0,77.4
13106,Estación Central,VACUNA NEUMOCOCICA CONJUGADA 2DA DOSIS,Cohorte_4M,1435,1886.0,76.1
13106,Estación Central,VACUNA NEUMOCOCICA CONJUGADA REFUERZO,Cohorte_12M,1453,2099.0,69.2
13106,Estación Central,VACUNA NEUMOCOCICA POLISACARIDA,Neumococica_Polisacarida_65,603,1975.0,30.5
13106,Estación Central,VACUNA SRP (TRIVIRICA) 1RA DOSIS,Cohorte_12M,1479,2099.0,70.5
13106,Estación Central,VACUNA SRP (TRIVIRICA) 2DA DOSIS,Cohorte_36M,1114,2182.0,51.1
13106,Estación Central,VACUNA VARICELA 1RA DOSIS,Cohorte_18M,1487,2272.0,65.4
13106,Estación Central,VACUNA VARICELA 2DA DOSIS,Cohorte_36M,1142,2182.0,52.3
13106,Estación Central,VACUNA VPH 4 BASICO,VPH_4basico,1544,1932.0,79.9
13106,Estación Central,VACUNA VPH 5 BASICO,VPH_5basico,1501,1909.0,78.6
13107,Huechuraba,VACUNA BCG,BCG_RN,800,820.0,97.6
13107,Huechuraba,VACUNA DTPA 1 BASICO,dTpa_1basico,922,1004.0,91.8
13107,Huechuraba,VACUNA DTPA 8 BASICO,dTpa_8basico,1047,1166.0,89.8
13107,Huechuraba,VACUNA DTPA GESTANTES,dTpa_Gestantes,736,939.0,78.4
13107,Huechuraba,VACUNA HEPATITIS A PEDIATRICA,Cohorte_18M,847,880.0,96.2
13107,Huechuraba,VACUNA HEPATITIS B RN,HepB_RN,787,820.0,96.0
13107,Huechuraba,VACUNA HEXAVALENTE 1RA DOSIS,Cohorte_2M,835,818.0,102.1
13107,Huechuraba,VACUNA HEXAVALENTE 2DA DOSIS,Cohorte_4M,811,796.0,101.9
13107,Huechuraba,VACUNA HEXAVALENTE 3RA DOSIS,Hexavalente_3d_6m,802,789.0,101.6
13107,Huechuraba,VACUNA HEXAVALENTE REFUERZO,Hexavalente_ref_18m,873,880.0,99.2
13107,Huechuraba,VACUNA MENINGOCOCICA CONJUGADA DOSIS UNICA,Cohorte_12M,842,815.0,103.3
13107,Huechuraba,VACUNA MENINGOCOCICA RECOMBINANTE 1RA DOSIS,Cohorte_2M,839,818.0,102.6
13107,Huechuraba,VACUNA MENINGOCOCICA RECOMBINANTE 2DA DOSIS,Cohorte_4M,815,796.0,102.4
13107,Huechuraba,VACUNA MENINGOCOCICA RECOMBINANTE REFUERZO,Cohorte_18M,196,880.0,22.3
13107,Huechuraba,VACUNA NEUMOCOCICA CONJUGADA 1RA DOSIS,Cohorte_2M,834,818.0,102.0
13107,Huechuraba,VACUNA NEUMOCOCICA CONJUGADA 2DA DOSIS,Cohorte_4M,815,796.0,102.4
13107,Huechuraba,VACUNA NEUMOCOCICA CONJUGADA REFUERZO,Cohorte_12M,858,815.0,105.3
13107,Huechuraba,VACUNA NEUMOCOCICA POLISACARIDA,Neumococica_Polisacarida_65,518,903.0,57.4
13107,Huechuraba,VACUNA SRP (TRIVIRICA) 1RA DOSIS,Cohorte_12M,855,815.0,104.9
13107,Huechuraba,VACUNA SRP (TRIVIRICA) 2DA DOSIS,Cohorte_36M,752,897.0,83.8
13107,Huechuraba,VACUNA VARICELA 1RA DOSIS,Cohorte_18M,871,880.0,99.0
13107,Huechuraba,VACUNA VARICELA 2DA DOSIS,Cohorte_36M,756,897.0,84.3
13107,Huechuraba,VACUNA VPH 4 BASICO,VPH_4basico,1103,1218.0,90.6
13107,Huechuraba,VACUNA VPH 5 BASICO,VPH_5basico,1005,1147.0,87.6
13108,Independencia,VACUNA BCG,BCG_RN,829,1118.0,74.2
13108,Independencia,VACUNA DTPA 1 BASICO,dTpa_1basico,1264,1373.0,92.1
13108,Independencia,VACUNA DTPA 8 BASICO,dTpa_8basico,1303,1454.0,89.6
13108,Independencia,VACUNA DTPA GESTANTES,dTpa_Gestantes,943,1456.0,64.8
13108,Independencia,VACUNA HEPATITIS A PEDIATRICA,Cohorte_18M,1172,1373.0,85.4
13108,Independencia,VACUNA HEPATITIS B RN,HepB_RN,825,1118.0,73.8
13108,Independencia,VACUNA HEXAVALENTE 1RA DOSIS,Cohorte_2M,1085,1116.0,97.2
13108,Independencia,VACUNA HEXAVALENTE 2DA DOSIS,Cohorte_4M,1047,1117.0,93.7
13108,Independencia,VACUNA HEXAVALENTE 3RA DOSIS,Hexavalente_3d_6m,1072,1154.0,92.9
13108,Independencia,VACUNA HEXAVALENTE REFUERZO,Hexavalente_ref_18m,1160,1373.0,84.5
13108,Independencia,VACUNA MENINGOCOCICA CONJUGADA DOSIS UNICA,Cohorte_12M,1156,1243.0,93.0
13108,Independencia,VACUNA MENINGOCOCICA RECOMBINANTE 1RA DOSIS,Cohorte_2M,1139,1116.0,102.1
13108,Independencia,VACUNA MENINGOCOCICA RECOMBINANTE 2DA DOSIS,Cohorte_4M,1094,1117.0,97.9
13108,Independencia,VACUNA MENINGOCOCICA RECOMBINANTE REFUERZO,Cohorte_18M,173,1373.0,12.6
13108,Independencia,VACUNA NEUMOCOCICA CONJUGADA 1RA DOSIS,Cohorte_2M,1096,1116.0,98.2
13108,Independencia,VACUNA NEUMOCOCICA CONJUGADA 2DA DOSIS,Cohorte_4M,1049,1117.0,93.9
13108,Independencia,VACUNA NEUMOCOCICA CONJUGADA REFUERZO,Cohorte_12M,1117,1243.0,89.9
13108,Independencia,VACUNA NEUMOCOCICA POLISACARIDA,Neumococica_Polisacarida_65,820,1265.0,64.8
13108,Independencia,VACUNA SRP (TRIVIRICA) 1RA DOSIS,Cohorte_12M,1120,1243.0,90.1
13108,Independencia,VACUNA SRP (TRIVIRICA) 2DA DOSIS,Cohorte_36M,940,1391.0,67.6
13108,Independencia,VACUNA VARICELA 1RA DOSIS,Cohorte_18M,1161,1373.0,84.6
13108,Independencia,VACUNA VARICELA 2DA DOSIS,Cohorte_36M,994,1391.0,71.5
13108,Independencia,VACUNA VPH 4 BASICO,VPH_4basico,1321,1455.0,90.8
13108,Independencia,VACUNA VPH 5 BASICO,VPH_5basico,1256,1434.0,87.6
13109,La Cisterna,VACUNA BCG,BCG_RN,677,886.0,76.4
13109,La Cisterna,VACUNA DTPA 1 BASICO,dTpa_1basico,1330,1447.0,91.9
13109,La Cisterna,VACUNA DTPA 8 BASICO,dTpa_8basico,1633,1819.0,89.8
13109,La Cisterna,VACUNA DTPA GESTANTES,dTpa_Gestantes,637,984.0,64.7
13109,La Cisterna,VACUNA HEPATITIS A PEDIATRICA,Cohorte_18M,790,974.0,81.1
13109,La Cisterna,VACUNA HEPATITIS B RN,HepB_RN,676,886.0,76.3
13109,La Cisterna,VACUNA HEXAVALENTE 1RA DOSIS,Cohorte_2M,764,898.0,85.1
13109,La Cisterna,VACUNA HEXAVALENTE 2DA DOSIS,Cohorte_4M,798,926.0,86.2
13109,La Cisterna,VACUNA HEXAVALENTE 3RA DOSIS,Hexavalente_3d_6m,770,911.0,84.5
13109,La Cisterna,VACUNA HEXAVALENTE REFUERZO,Hexavalente_ref_18m,796,974.0,81.7
13109,La Cisterna,VACUNA MENINGOCOCICA CONJUGADA DOSIS UNICA,Cohorte_12M,838,948.0,88.4
13109,La Cisterna,VACUNA MENINGOCOCICA RECOMBINANTE 1RA DOSIS,Cohorte_2M,767,898.0,85.4
13109,La Cisterna,VACUNA MENINGOCOCICA RECOMBINANTE 2DA DOSIS,Cohorte_4M,797,926.0,86.1
13109,La Cisterna,VACUNA MENINGOCOCICA RECOMBINANTE REFUERZO,Cohorte_18M,132,974.0,13.6
13109,La Cisterna,VACUNA NEUMOCOCICA CONJUGADA 1RA DOSIS,Cohorte_2M,768,898.0,85.5
13109,La Cisterna,VACUNA NEUMOCOCICA CONJUGADA 2DA DOSIS,Cohorte_4M,797,926.0,86.1
13109,La Cisterna,VACUNA NEUMOCOCICA CONJUGADA REFUERZO,Cohorte_12M,823,948.0,86.8
13109,La Cisterna,VACUNA NEUMOCOCICA POLISACARIDA,Neumococica_Polisacarida_65,855,1064.0,80.4
13109,La Cisterna,VACUNA SRP (TRIVIRICA) 1RA DOSIS,Cohorte_12M,832,948.0,87.8
13109,La Cisterna,VACUNA SRP (TRIVIRICA) 2DA DOSIS,Cohorte_36M,730,940.0,77.7
13109,La Cisterna,VACUNA VARICELA 1RA DOSIS,Cohorte_18M,808,974.0,83.0
13109,La Cisterna,VACUNA VARICELA 2DA DOSIS,Cohorte_36M,737,940.0,78.4
13109,La Cisterna,VACUNA VPH 4 BASICO,VPH_4basico,1543,1651.0,93.5
13109,La Cisterna,VACUNA VPH 5 BASICO,VPH_5basico,1486,1658.0,89.6
13110,La Florida,VACUNA BCG,BCG_RN,2951,2911.0,101.4
13110,La Florida,VACUNA DTPA 1 BASICO,dTpa_1basico,4343,4425.0,98.1
13110,La Florida,VACUNA DTPA 8 BASICO,dTpa_8basico,4873,5429.0,89.8
13110,La Florida,VACUNA DTPA GESTANTES,dTpa_Gestantes,2716,3474.0,78.2
13110,La Florida,VACUNA HEPATITIS A PEDIATRICA,Cohorte_18M,3418,3394.0,100.7
13110,La Florida,VACUNA HEPATITIS B RN,HepB_RN,2942,2911.0,101.1
13110,La Florida,VACUNA HEXAVALENTE 1RA DOSIS,Cohorte_2M,3426,2898.0,118.2
13110,La Florida,VACUNA HEXAVALENTE 2DA DOSIS,Cohorte_4M,3546,3027.0,117.1
13110,La Florida,VACUNA HEXAVALENTE 3RA DOSIS,Hexavalente_3d_6m,3504,3074.0,114.0
13110,La Florida,VACUNA HEXAVALENTE REFUERZO,Hexavalente_ref_18m,3438,3394.0,101.3
13110,La Florida,VACUNA MENINGOCOCICA CONJUGADA DOSIS UNICA,Cohorte_12M,3509,3244.0,108.2
13110,La Florida,VACUNA MENINGOCOCICA RECOMBINANTE 1RA DOSIS,Cohorte_2M,3442,2898.0,118.8
13110,La Florida,VACUNA MENINGOCOCICA RECOMBINANTE 2DA DOSIS,Cohorte_4M,3540,3027.0,116.9
13110,La Florida,VACUNA MENINGOCOCICA RECOMBINANTE REFUERZO,Cohorte_18M,572,3394.0,16.9
13110,La Florida,VACUNA NEUMOCOCICA CONJUGADA 1RA DOSIS,Cohorte_2M,3429,2898.0,118.3
13110,La Florida,VACUNA NEUMOCOCICA CONJUGADA 2DA DOSIS,Cohorte_4M,3546,3027.0,117.1
13110,La Florida,VACUNA NEUMOCOCICA CONJUGADA REFUERZO,Cohorte_12M,3515,3244.0,108.4
13110,La Florida,VACUNA NEUMOCOCICA POLISACARIDA,Neumococica_Polisacarida_65,3303,4802.0,68.8
13110,La Florida,VACUNA SRP (TRIVIRICA) 1RA DOSIS,Cohorte_12M,3548,3244.0,109.4
13110,La Florida,VACUNA SRP (TRIVIRICA) 2DA DOSIS,Cohorte_36M,2891,3318.0,87.1
13110,La Florida,VACUNA VARICELA 1RA DOSIS,Cohorte_18M,3472,3394.0,102.3
13110,La Florida,VACUNA VARICELA 2DA DOSIS,Cohorte_36M,2907,3318.0,87.6
13110,La Florida,VACUNA VPH 4 BASICO,VPH_4basico,4819,5246.0,91.9
13110,La Florida,VACUNA VPH 5 BASICO,VPH_5basico,4637,5184.0,89.4
13111,La Granja,VACUNA BCG,BCG_RN,733,837.0,87.6
13111,La Granja,VACUNA DTPA 1 BASICO,dTpa_1basico,1151,1332.0,86.4
13111,La Granja,VACUNA DTPA 8 BASICO,dTpa_8basico,1253,1431.0,87.6
13111,La Granja,VACUNA DTPA GESTANTES,dTpa_Gestantes,814,1049.0,77.6
13111,La Granja,VACUNA HEPATITIS A PEDIATRICA,Cohorte_18M,1054,1012.0,104.2
13111,La Granja,VACUNA HEPATITIS B RN,HepB_RN,726,837.0,86.7
13111,La Granja,VACUNA HEXAVALENTE 1RA DOSIS,Cohorte_2M,938,848.0,110.6
13111,La Granja,VACUNA HEXAVALENTE 2DA DOSIS,Cohorte_4M,962,853.0,112.8
13111,La Granja,VACUNA HEXAVALENTE 3RA DOSIS,Hexavalente_3d_6m,969,886.0,109.4
13111,La Granja,VACUNA HEXAVALENTE REFUERZO,Hexavalente_ref_18m,1055,1012.0,104.2
13111,La Granja,VACUNA MENINGOCOCICA CONJUGADA DOSIS UNICA,Cohorte_12M,1005,959.0,104.8
13111,La Granja,VACUNA MENINGOCOCICA RECOMBINANTE 1RA DOSIS,Cohorte_2M,945,848.0,111.4
13111,La Granja,VACUNA MENINGOCOCICA RECOMBINANTE 2DA DOSIS,Cohorte_4M,967,853.0,113.4
13111,La Granja,VACUNA MENINGOCOCICA RECOMBINANTE REFUERZO,Cohorte_18M,182,1012.0,18.0
13111,La Granja,VACUNA NEUMOCOCICA CONJUGADA 1RA DOSIS,Cohorte_2M,941,848.0,111.0
13111,La Granja,VACUNA NEUMOCOCICA CONJUGADA 2DA DOSIS,Cohorte_4M,964,853.0,113.0
13111,La Granja,VACUNA NEUMOCOCICA CONJUGADA REFUERZO,Cohorte_12M,1011,959.0,105.4
13111,La Granja,VACUNA NEUMOCOCICA POLISACARIDA,Neumococica_Polisacarida_65,898,1360.0,66.0
13111,La Granja,VACUNA SRP (TRIVIRICA) 1RA DOSIS,Cohorte_12M,1011,959.0,105.4
13111,La Granja,VACUNA SRP (TRIVIRICA) 2DA DOSIS,Cohorte_36M,975,1002.0,97.3
13111,La Granja,VACUNA VARICELA 1RA DOSIS,Cohorte_18M,1050,1012.0,103.8
13111,La Granja,VACUNA VARICELA 2DA DOSIS,Cohorte_36M,981,1002.0,97.9
13111,La Granja,VACUNA VPH 4 BASICO,VPH_4basico,1351,1463.0,92.3
13111,La Granja,VACUNA VPH 5 BASICO,VPH_5basico,1321,1474.0,89.6
13112,La Pintana,VACUNA BCG,BCG_RN,1322,1489.0,88.8
13112,La Pintana,VACUNA DTPA 1 BASICO,dTpa_1basico,1961,2220.0,88.3
13112,La Pintana,VACUNA DTPA 8 BASICO,dTpa_8basico,2041,2453.0,83.2
13112,La Pintana,VACUNA DTPA GESTANTES,dTpa_Gestantes,1124,2004.0,56.1
13112,La Pintana,VACUNA HEPATITIS A PEDIATRICA,Cohorte_18M,1522,1853.0,82.1
13112,La Pintana,VACUNA HEPATITIS B RN,HepB_RN,1339,1489.0,89.9
13112,La Pintana,VACUNA HEXAVALENTE 1RA DOSIS,Cohorte_2M,1344,1554.0,86.5
13112,La Pintana,VACUNA HEXAVALENTE 2DA DOSIS,Cohorte_4M,1366,1580.0,86.5
13112,La Pintana,VACUNA HEXAVALENTE 3RA DOSIS,Hexavalente_3d_6m,1394,1606.0,86.8
13112,La Pintana,VACUNA HEXAVALENTE REFUERZO,Hexavalente_ref_18m,1528,1853.0,82.5
13112,La Pintana,VACUNA MENINGOCOCICA CONJUGADA DOSIS UNICA,Cohorte_12M,1432,1751.0,81.8
13112,La Pintana,VACUNA MENINGOCOCICA RECOMBINANTE 1RA DOSIS,Cohorte_2M,1348,1554.0,86.7
13112,La Pintana,VACUNA MENINGOCOCICA RECOMBINANTE 2DA DOSIS,Cohorte_4M,1370,1580.0,86.7
13112,La Pintana,VACUNA MENINGOCOCICA RECOMBINANTE REFUERZO,Cohorte_18M,224,1853.0,12.1
13112,La Pintana,VACUNA NEUMOCOCICA CONJUGADA 1RA DOSIS,Cohorte_2M,1344,1554.0,86.5
13112,La Pintana,VACUNA NEUMOCOCICA CONJUGADA 2DA DOSIS,Cohorte_4M,1367,1580.0,86.5
13112,La Pintana,VACUNA NEUMOCOCICA CONJUGADA REFUERZO,Cohorte_12M,1430,1751.0,81.7
13112,La Pintana,VACUNA NEUMOCOCICA POLISACARIDA,Neumococica_Polisacarida_65,904,1915.0,47.2
13112,La Pintana,VACUNA SRP (TRIVIRICA) 1RA DOSIS,Cohorte_12M,1456,1751.0,83.2
13112,La Pintana,VACUNA SRP (TRIVIRICA) 2DA DOSIS,Cohorte_36M,1403,1914.0,73.3
13112,La Pintana,VACUNA VARICELA 1RA DOSIS,Cohorte_18M,1529,1853.0,82.5
13112,La Pintana,VACUNA VARICELA 2DA DOSIS,Cohorte_36M,1410,1914.0,73.7
13112,La Pintana,VACUNA VPH 4 BASICO,VPH_4basico,2204,2554.0,86.3
13112,La Pintana,VACUNA VPH 5 BASICO,VPH_5basico,2113,2451.0,86.2
13113,La Reina,VACUNA BCG,BCG_RN,504,505.0,99.8
13113,La Reina,VACUNA DTPA 1 BASICO,dTpa_1basico,1541,1388.0,111.0
13113,La Reina,VACUNA DTPA 8 BASICO,dTpa_8basico,1561,1707.0,91.4
13113,La Reina,VACUNA DTPA GESTANTES,dTpa_Gestantes,417,657.0,63.5
13113,La Reina,VACUNA HEPATITIS A PEDIATRICA,Cohorte_18M,503,596.0,84.4
13113,La Reina,VACUNA HEPATITIS B RN,HepB_RN,481,505.0,95.2
13113,La Reina,VACUNA HEXAVALENTE 1RA DOSIS,Cohorte_2M,496,526.0,94.3
13113,La Reina,VACUNA HEXAVALENTE 2DA DOSIS,Cohorte_4M,529,540.0,98.0
13113,La Reina,VACUNA HEXAVALENTE 3RA DOSIS,Hexavalente_3d_6m,534,550.0,97.1
13113,La Reina,VACUNA HEXAVALENTE REFUERZO,Hexavalente_ref_18m,621,596.0,104.2
13113,La Reina,VACUNA MENINGOCOCICA CONJUGADA DOSIS UNICA,Cohorte_12M,546,572.0,95.5
13113,La Reina,VACUNA MENINGOCOCICA RECOMBINANTE 1RA DOSIS,Cohorte_2M,511,526.0,97.1
13113,La Reina,VACUNA MENINGOCOCICA RECOMBINANTE 2DA DOSIS,Cohorte_4M,532,540.0,98.5
13113,La Reina,VACUNA MENINGOCOCICA RECOMBINANTE REFUERZO,Cohorte_18M,134,596.0,22.5
13113,La Reina,VACUNA NEUMOCOCICA CONJUGADA 1RA DOSIS,Cohorte_2M,496,526.0,94.3
13113,La Reina,VACUNA NEUMOCOCICA CONJUGADA 2DA DOSIS,Cohorte_4M,534,540.0,98.9
13113,La Reina,VACUNA NEUMOCOCICA CONJUGADA REFUERZO,Cohorte_12M,573,572.0,100.2
13113,La Reina,VACUNA NEUMOCOCICA POLISACARIDA,Neumococica_Polisacarida_65,710,1104.0,64.3
13113,La Reina,VACUNA SRP (TRIVIRICA) 1RA DOSIS,Cohorte_12M,579,572.0,101.2
13113,La Reina,VACUNA SRP (TRIVIRICA) 2DA DOSIS,Cohorte_36M,558,628.0,88.9
13113,La Reina,VACUNA VARICELA 1RA DOSIS,Cohorte_18M,626,596.0,105.0
13113,La Reina,VACUNA VARICELA 2DA DOSIS,Cohorte_36M,563,628.0,89.6
13113,La Reina,VACUNA VPH 4 BASICO,VPH_4basico,1791,1833.0,97.7
13113,La Reina,VACUNA VPH 5 BASICO,VPH_5basico,1577,1742.0,90.5
13114,Las Condes,VACUNA BCG,BCG_RN,2554,2562.0,99.7
13114,Las Condes,VACUNA DTPA 1 BASICO,dTpa_1basico,2529,2569.0,98.4
13114,Las Condes,VACUNA DTPA 8 BASICO,dTpa_8basico,2790,3031.0,92.0
13114,Las Condes,VACUNA DTPA GESTANTES,dTpa_Gestantes,2659,3085.0,86.2
13114,Las Condes,VACUNA HEPATITIS A PEDIATRICA,Cohorte_18M,2216,2832.0,78.2
13114,Las Condes,VACUNA HEPATITIS B RN,HepB_RN,2634,2562.0,102.8
13114,Las Condes,VACUNA HEXAVALENTE 1RA DOSIS,Cohorte_2M,2857,2618.0,109.1
13114,Las Condes,VACUNA HEXAVALENTE 2DA DOSIS,Cohorte_4M,2885,2637.0,109.4
13114,Las Condes,VACUNA HEXAVALENTE 3RA DOSIS,Hexavalente_3d_6m,2923,2704.0,108.1
13114,Las Condes,VACUNA HEXAVALENTE REFUERZO,Hexavalente_ref_18m,2875,2832.0,101.5
13114,Las Condes,VACUNA MENINGOCOCICA CONJUGADA DOSIS UNICA,Cohorte_12M,2815,2779.0,101.3
13114,Las Condes,VACUNA MENINGOCOCICA RECOMBINANTE 1RA DOSIS,Cohorte_2M,2925,2618.0,111.7
13114,Las Condes,VACUNA MENINGOCOCICA RECOMBINANTE 2DA DOSIS,Cohorte_4M,2921,2637.0,110.8
13114,Las Condes,VACUNA MENINGOCOCICA RECOMBINANTE REFUERZO,Cohorte_18M,739,2832.0,26.1
13114,Las Condes,VACUNA NEUMOCOCICA CONJUGADA 1RA DOSIS,Cohorte_2M,2863,2618.0,109.4
13114,Las Condes,VACUNA NEUMOCOCICA CONJUGADA 2DA DOSIS,Cohorte_4M,2892,2637.0,109.7
13114,Las Condes,VACUNA NEUMOCOCICA CONJUGADA REFUERZO,Cohorte_12M,3000,2779.0,108.0
13114,Las Condes,VACUNA NEUMOCOCICA POLISACARIDA,Neumococica_Polisacarida_65,1997,3605.0,55.4
13114,Las Condes,VACUNA SRP (TRIVIRICA) 1RA DOSIS,Cohorte_12M,2991,2779.0,107.6
13114,Las Condes,VACUNA SRP (TRIVIRICA) 2DA DOSIS,Cohorte_36M,2473,2947.0,83.9
13114,Las Condes,VACUNA VARICELA 1RA DOSIS,Cohorte_18M,2856,2832.0,100.8
13114,Las Condes,VACUNA VARICELA 2DA DOSIS,Cohorte_36M,2488,2947.0,84.4
13114,Las Condes,VACUNA VPH 4 BASICO,VPH_4basico,2652,2885.0,91.9
13114,Las Condes,VACUNA VPH 5 BASICO,VPH_5basico,2589,2831.0,91.5
13115,Lo Barnechea,VACUNA BCG,BCG_RN,883,884.0,99.9
13115,Lo Barnechea,VACUNA DTPA 1 BASICO,dTpa_1basico,1286,1247.0,103.1
13115,Lo Barnechea,VACUNA DTPA 8 BASICO,dTpa_8basico,1447,1624.0,89.1
13115,Lo Barnechea,VACUNA DTPA GESTANTES,dTpa_Gestantes,795,1139.0,69.8
13115,Lo Barnechea,VACUNA HEPATITIS A PEDIATRICA,Cohorte_18M,1042,1044.0,99.8
13115,Lo Barnechea,VACUNA HEPATITIS B RN,HepB_RN,825,884.0,93.3
13115,Lo Barnechea,VACUNA HEXAVALENTE 1RA DOSIS,Cohorte_2M,991,884.0,112.1
13115,Lo Barnechea,VACUNA HEXAVALENTE 2DA DOSIS,Cohorte_4M,962,874.0,110.1
13115,Lo Barnechea,VACUNA HEXAVALENTE 3RA DOSIS,Hexavalente_3d_6m,1018,931.0,109.3
13115,Lo Barnechea,VACUNA HEXAVALENTE REFUERZO,Hexavalente_ref_18m,1120,1044.0,107.3
13115,Lo Barnechea,VACUNA MENINGOCOCICA CONJUGADA DOSIS UNICA,Cohorte_12M,1099,1041.0,105.6
13115,Lo Barnechea,VACUNA MENINGOCOCICA RECOMBINANTE 1RA DOSIS,Cohorte_2M,1026,884.0,116.1
13115,Lo Barnechea,VACUNA MENINGOCOCICA RECOMBINANTE 2DA DOSIS,Cohorte_4M,986,874.0,112.8
13115,Lo Barnechea,VACUNA MENINGOCOCICA RECOMBINANTE REFUERZO,Cohorte_18M,274,1044.0,26.2
13115,Lo Barnechea,VACUNA NEUMOCOCICA CONJUGADA 1RA DOSIS,Cohorte_2M,987,884.0,111.7
13115,Lo Barnechea,VACUNA NEUMOCOCICA CONJUGADA 2DA DOSIS,Cohorte_4M,963,874.0,110.2
13115,Lo Barnechea,VACUNA NEUMOCOCICA CONJUGADA REFUERZO,Cohorte_12M,1127,1041.0,108.3
13115,Lo Barnechea,VACUNA NEUMOCOCICA POLISACARIDA,Neumococica_Polisacarida_65,613,1057.0,58.0
13115,Lo Barnechea,VACUNA SRP (TRIVIRICA) 1RA DOSIS,Cohorte_12M,1131,1041.0,108.6
13115,Lo Barnechea,VACUNA SRP (TRIVIRICA) 2DA DOSIS,Cohorte_36M,1043,1088.0,95.9
13115,Lo Barnechea,VACUNA VARICELA 1RA DOSIS,Cohorte_18M,1119,1044.0,107.2
13115,Lo Barnechea,VACUNA VARICELA 2DA DOSIS,Cohorte_36M,1050,1088.0,96.5
13115,Lo Barnechea,VACUNA VPH 4 BASICO,VPH_4basico,1516,1592.0,95.2
13115,Lo Barnechea,VACUNA VPH 5 BASICO,VPH_5basico,1400,1529.0,91.6
13116,Lo Espejo,VACUNA BCG,BCG_RN,614,685.0,89.6
13116,Lo Espejo,VACUNA DTPA 1 BASICO,dTpa_1basico,747,844.0,88.5
13116,Lo Espejo,VACUNA DTPA 8 BASICO,dTpa_8basico,777,900.0,86.3
13116,Lo Espejo,VACUNA DTPA GESTANTES,dTpa_Gestantes,616,967.0,63.7
13116,Lo Espejo,VACUNA HEPATITIS A PEDIATRICA,Cohorte_18M,881,910.0,96.8
13116,Lo Espejo,VACUNA HEPATITIS B RN,HepB_RN,598,685.0,87.3
13116,Lo Espejo,VACUNA HEXAVALENTE 1RA DOSIS,Cohorte_2M,738,722.0,102.2
13116,Lo Espejo,VACUNA HEXAVALENTE 2DA DOSIS,Cohorte_4M,754,733.0,102.9
13116,Lo Espejo,VACUNA HEXAVALENTE 3RA DOSIS,Hexavalente_3d_6m,758,753.0,100.7
13116,Lo Espejo,VACUNA HEXAVALENTE REFUERZO,Hexavalente_ref_18m,875,910.0,96.2
13116,Lo Espejo,VACUNA MENINGOCOCICA CONJUGADA DOSIS UNICA,Cohorte_12M,879,857.0,102.6
13116,Lo Espejo,VACUNA MENINGOCOCICA RECOMBINANTE 1RA DOSIS,Cohorte_2M,757,722.0,104.8
13116,Lo Espejo,VACUNA MENINGOCOCICA RECOMBINANTE 2DA DOSIS,Cohorte_4M,762,733.0,104.0
13116,Lo Espejo,VACUNA MENINGOCOCICA RECOMBINANTE REFUERZO,Cohorte_18M,136,910.0,14.9
13116,Lo Espejo,VACUNA NEUMOCOCICA CONJUGADA 1RA DOSIS,Cohorte_2M,745,722.0,103.2
13116,Lo Espejo,VACUNA NEUMOCOCICA CONJUGADA 2DA DOSIS,Cohorte_4M,755,733.0,103.0
13116,Lo Espejo,VACUNA NEUMOCOCICA CONJUGADA REFUERZO,Cohorte_12M,869,857.0,101.4
13116,Lo Espejo,VACUNA NEUMOCOCICA POLISACARIDA,Neumococica_Polisacarida_65,888,991.0,89.6
13116,Lo Espejo,VACUNA SRP (TRIVIRICA) 1RA DOSIS,Cohorte_12M,873,857.0,101.9
13116,Lo Espejo,VACUNA SRP (TRIVIRICA) 2DA DOSIS,Cohorte_36M,791,924.0,85.6
13116,Lo Espejo,VACUNA VARICELA 1RA DOSIS,Cohorte_18M,885,910.0,97.3
13116,Lo Espejo,VACUNA VARICELA 2DA DOSIS,Cohorte_36M,808,924.0,87.4
13116,Lo Espejo,VACUNA VPH 4 BASICO,VPH_4basico,745,838.0,88.9
13116,Lo Espejo,VACUNA VPH 5 BASICO,VPH_5basico,734,867.0,84.7
13117,Lo Prado,VACUNA BCG,BCG_RN,580,597.0,97.2
13117,Lo Prado,VACUNA DTPA 1 BASICO,dTpa_1basico,829,959.0,86.4
13117,Lo Prado,VACUNA DTPA 8 BASICO,dTpa_8basico,844,986.0,85.6
13117,Lo Prado,VACUNA DTPA GESTANTES,dTpa_Gestantes,692,803.0,86.2
13117,Lo Prado,VACUNA HEPATITIS A PEDIATRICA,Cohorte_18M,1015,816.0,124.4
13117,Lo Prado,VACUNA HEPATITIS B RN,HepB_RN,598,597.0,100.2
13117,Lo Prado,VACUNA HEXAVALENTE 1RA DOSIS,Cohorte_2M,756,616.0,122.7
13117,Lo Prado,VACUNA HEXAVALENTE 2DA DOSIS,Cohorte_4M,818,661.0,123.8
13117,Lo Prado,VACUNA HEXAVALENTE 3RA DOSIS,Hexavalente_3d_6m,857,705.0,121.6
13117,Lo Prado,VACUNA HEXAVALENTE REFUERZO,Hexavalente_ref_18m,1008,816.0,123.5
13117,Lo Prado,VACUNA MENINGOCOCICA CONJUGADA DOSIS UNICA,Cohorte_12M,955,763.0,125.2
13117,Lo Prado,VACUNA MENINGOCOCICA RECOMBINANTE 1RA DOSIS,Cohorte_2M,768,616.0,124.7
13117,Lo Prado,VACUNA MENINGOCOCICA RECOMBINANTE 2DA DOSIS,Cohorte_4M,827,661.0,125.1
13117,Lo Prado,VACUNA MENINGOCOCICA RECOMBINANTE REFUERZO,Cohorte_18M,163,816.0,20.0
13117,Lo Prado,VACUNA NEUMOCOCICA CONJUGADA 1RA DOSIS,Cohorte_2M,760,616.0,123.4
13117,Lo Prado,VACUNA NEUMOCOCICA CONJUGADA 2DA DOSIS,Cohorte_4M,819,661.0,123.9
13117,Lo Prado,VACUNA NEUMOCOCICA CONJUGADA REFUERZO,Cohorte_12M,940,763.0,123.2
13117,Lo Prado,VACUNA NEUMOCOCICA POLISACARIDA,Neumococica_Polisacarida_65,785,1018.0,77.1
13117,Lo Prado,VACUNA SRP (TRIVIRICA) 1RA DOSIS,Cohorte_12M,952,763.0,124.8
13117,Lo Prado,VACUNA SRP (TRIVIRICA) 2DA DOSIS,Cohorte_36M,859,767.0,112.0
13117,Lo Prado,VACUNA VARICELA 1RA DOSIS,Cohorte_18M,1009,816.0,123.7
13117,Lo Prado,VACUNA VARICELA 2DA DOSIS,Cohorte_36M,870,767.0,113.4
13117,Lo Prado,VACUNA VPH 4 BASICO,VPH_4basico,1061,1092.0,97.2
13117,Lo Prado,VACUNA VPH 5 BASICO,VPH_5basico,873,997.0,87.6
13118,Macul,VACUNA BCG,BCG_RN,873,908.0,96.1
13118,Macul,VACUNA DTPA 1 BASICO,dTpa_1basico,951,1039.0,91.5
13118,Macul,VACUNA DTPA 8 BASICO,dTpa_8basico,953,1096.0,87.0
13118,Macul,VACUNA DTPA GESTANTES,dTpa_Gestantes,724,1151.0,62.9
13118,Macul,VACUNA HEPATITIS A PEDIATRICA,Cohorte_18M,873,1127.0,77.5
13118,Macul,VACUNA HEPATITIS B RN,HepB_RN,868,908.0,95.6
13118,Macul,VACUNA HEXAVALENTE 1RA DOSIS,Cohorte_2M,847,894.0,94.7
13118,Macul,VACUNA HEXAVALENTE 2DA DOSIS,Cohorte_4M,852,919.0,92.7
13118,Macul,VACUNA HEXAVALENTE 3RA DOSIS,Hexavalente_3d_6m,857,958.0,89.5
13118,Macul,VACUNA HEXAVALENTE REFUERZO,Hexavalente_ref_18m,910,1127.0,80.7
13118,Macul,VACUNA MENINGOCOCICA CONJUGADA DOSIS UNICA,Cohorte_12M,872,1044.0,83.5
13118,Macul,VACUNA MENINGOCOCICA RECOMBINANTE 1RA DOSIS,Cohorte_2M,854,894.0,95.5
13118,Macul,VACUNA MENINGOCOCICA RECOMBINANTE 2DA DOSIS,Cohorte_4M,850,919.0,92.5
13118,Macul,VACUNA MENINGOCOCICA RECOMBINANTE REFUERZO,Cohorte_18M,175,1127.0,15.5
13118,Macul,VACUNA NEUMOCOCICA CONJUGADA 1RA DOSIS,Cohorte_2M,847,894.0,94.7
13118,Macul,VACUNA NEUMOCOCICA CONJUGADA 2DA DOSIS,Cohorte_4M,847,919.0,92.2
13118,Macul,VACUNA NEUMOCOCICA CONJUGADA REFUERZO,Cohorte_12M,880,1044.0,84.3
13118,Macul,VACUNA NEUMOCOCICA POLISACARIDA,Neumococica_Polisacarida_65,708,1474.0,48.0
13118,Macul,VACUNA SRP (TRIVIRICA) 1RA DOSIS,Cohorte_12M,891,1044.0,85.3
13118,Macul,VACUNA SRP (TRIVIRICA) 2DA DOSIS,Cohorte_36M,734,1099.0,66.8
13118,Macul,VACUNA VARICELA 1RA DOSIS,Cohorte_18M,910,1127.0,80.7
13118,Macul,VACUNA VARICELA 2DA DOSIS,Cohorte_36M,737,1099.0,67.1
13118,Macul,VACUNA VPH 4 BASICO,VPH_4basico,1177,1304.0,90.3
13118,Macul,VACUNA VPH 5 BASICO,VPH_5basico,1022,1200.0,85.2
13119,Maipú,VACUNA BCG,BCG_RN,3245,3375.0,96.1
13119,Maipú,VACUNA DTPA 1 BASICO,dTpa_1basico,5096,5674.0,89.8
13119,Maipú,VACUNA DTPA 8 BASICO,dTpa_8basico,5852,6892.0,84.9
13119,Maipú,VACUNA DTPA GESTANTES,dTpa_Gestantes,2455,4284.0,57.3
13119,Maipú,VACUNA HEPATITIS A PEDIATRICA,Cohorte_18M,3520,4180.0,84.2
13119,Maipú,VACUNA HEPATITIS B RN,HepB_RN,3204,3375.0,94.9
13119,Maipú,VACUNA HEXAVALENTE 1RA DOSIS,Cohorte_2M,3218,3440.0,93.5
13119,Maipú,VACUNA HEXAVALENTE 2DA DOSIS,Cohorte_4M,3219,3460.0,93.0
13119,Maipú,VACUNA HEXAVALENTE 3RA DOSIS,Hexavalente_3d_6m,3229,3541.0,91.2
13119,Maipú,VACUNA HEXAVALENTE REFUERZO,Hexavalente_ref_18m,3556,4180.0,85.1
13119,Maipú,VACUNA MENINGOCOCICA CONJUGADA DOSIS UNICA,Cohorte_12M,3441,3863.0,89.1
13119,Maipú,VACUNA MENINGOCOCICA RECOMBINANTE 1RA DOSIS,Cohorte_2M,3235,3440.0,94.0
13119,Maipú,VACUNA MENINGOCOCICA RECOMBINANTE 2DA DOSIS,Cohorte_4M,3225,3460.0,93.2
13119,Maipú,VACUNA MENINGOCOCICA RECOMBINANTE REFUERZO,Cohorte_18M,584,4180.0,14.0
13119,Maipú,VACUNA NEUMOCOCICA CONJUGADA 1RA DOSIS,Cohorte_2M,3221,3440.0,93.6
13119,Maipú,VACUNA NEUMOCOCICA CONJUGADA 2DA DOSIS,Cohorte_4M,3219,3460.0,93.0
13119,Maipú,VACUNA NEUMOCOCICA CONJUGADA REFUERZO,Cohorte_12M,3458,3863.0,89.5
13119,Maipú,VACUNA NEUMOCOCICA POLISACARIDA,Neumococica_Polisacarida_65,3267,5656.0,57.8
13119,Maipú,VACUNA SRP (TRIVIRICA) 1RA DOSIS,Cohorte_12M,3472,3863.0,89.9
13119,Maipú,VACUNA SRP (TRIVIRICA) 2DA DOSIS,Cohorte_36M,2928,4092.0,71.6
13119,Maipú,VACUNA VARICELA 1RA DOSIS,Cohorte_18M,3561,4180.0,85.2
13119,Maipú,VACUNA VARICELA 2DA DOSIS,Cohorte_36M,2945,4092.0,72.0
13119,Maipú,VACUNA VPH 4 BASICO,VPH_4basico,5836,6519.0,89.5
13119,Maipú,VACUNA VPH 5 BASICO,VPH_5basico,5571,6420.0,86.8
13120,Ñuñoa,VACUNA BCG,BCG_RN,1863,1953.0,95.4
13120,Ñuñoa,VACUNA DTPA 1 BASICO,dTpa_1basico,2024,2146.0,94.3
13120,Ñuñoa,VACUNA DTPA 8 BASICO,dTpa_8basico,2360,2634.0,89.6
13120,Ñuñoa,VACUNA DTPA GESTANTES,dTpa_Gestantes,1762,2362.0,74.6
13120,Ñuñoa,VACUNA HEPATITIS A PEDIATRICA,Cohorte_18M,1704,2207.0,77.2
13120,Ñuñoa,VACUNA HEPATITIS B RN,HepB_RN,1827,1953.0,93.5
13120,Ñuñoa,VACUNA HEXAVALENTE 1RA DOSIS,Cohorte_2M,2027,2017.0,100.5
13120,Ñuñoa,VACUNA HEXAVALENTE 2DA DOSIS,Cohorte_4M,1969,1986.0,99.1
13120,Ñuñoa,VACUNA HEXAVALENTE 3RA DOSIS,Hexavalente_3d_6m,1953,1973.0,99.0
13120,Ñuñoa,VACUNA HEXAVALENTE REFUERZO,Hexavalente_ref_18m,2015,2207.0,91.3
13120,Ñuñoa,VACUNA MENINGOCOCICA CONJUGADA DOSIS UNICA,Cohorte_12M,1954,2032.0,96.2
13120,Ñuñoa,VACUNA MENINGOCOCICA RECOMBINANTE 1RA DOSIS,Cohorte_2M,2046,2017.0,101.4
13120,Ñuñoa,VACUNA MENINGOCOCICA RECOMBINANTE 2DA DOSIS,Cohorte_4M,1976,1986.0,99.5
13120,Ñuñoa,VACUNA MENINGOCOCICA RECOMBINANTE REFUERZO,Cohorte_18M,495,2207.0,22.4
13120,Ñuñoa,VACUNA NEUMOCOCICA CONJUGADA 1RA DOSIS,Cohorte_2M,2026,2017.0,100.4
13120,Ñuñoa,VACUNA NEUMOCOCICA CONJUGADA 2DA DOSIS,Cohorte_4M,1970,1986.0,99.2
13120,Ñuñoa,VACUNA NEUMOCOCICA CONJUGADA REFUERZO,Cohorte_12M,1987,2032.0,97.8
13120,Ñuñoa,VACUNA NEUMOCOCICA POLISACARIDA,Neumococica_Polisacarida_65,1454,2611.0,55.7
13120,Ñuñoa,VACUNA SRP (TRIVIRICA) 1RA DOSIS,Cohorte_12M,1990,2032.0,97.9
13120,Ñuñoa,VACUNA SRP (TRIVIRICA) 2DA DOSIS,Cohorte_36M,1627,2256.0,72.1
13120,Ñuñoa,VACUNA VARICELA 1RA DOSIS,Cohorte_18M,2009,2207.0,91.0
13120,Ñuñoa,VACUNA VARICELA 2DA DOSIS,Cohorte_36M,1628,2256.0,72.2
13120,Ñuñoa,VACUNA VPH 4 BASICO,VPH_4basico,2129,2322.0,91.7
13120,Ñuñoa,VACUNA VPH 5 BASICO,VPH_5basico,2080,2304.0,90.3
13121,Pedro Aguirre Cerda,VACUNA BCG,BCG_RN,582,687.0,84.7
13121,Pedro Aguirre Cerda,VACUNA DTPA 1 BASICO,dTpa_1basico,990,1142.0,86.7
13121,Pedro Aguirre Cerda,VACUNA DTPA 8 BASICO,dTpa_8basico,1013,1223.0,82.8
13121,Pedro Aguirre Cerda,VACUNA DTPA GESTANTES,dTpa_Gestantes,623,906.0,68.8
13121,Pedro Aguirre Cerda,VACUNA HEPATITIS A PEDIATRICA,Cohorte_18M,938,911.0,103.0
13121,Pedro Aguirre Cerda,VACUNA HEPATITIS B RN,HepB_RN,572,687.0,83.3
13121,Pedro Aguirre Cerda,VACUNA HEXAVALENTE 1RA DOSIS,Cohorte_2M,686,661.0,103.8
13121,Pedro Aguirre Cerda,VACUNA HEXAVALENTE 2DA DOSIS,Cohorte_4M,687,656.0,104.7
13121,Pedro Aguirre Cerda,VACUNA HEXAVALENTE 3RA DOSIS,Hexavalente_3d_6m,713,674.0,105.8
13121,Pedro Aguirre Cerda,VACUNA HEXAVALENTE REFUERZO,Hexavalente_ref_18m,942,911.0,103.4
13121,Pedro Aguirre Cerda,VACUNA MENINGOCOCICA CONJUGADA DOSIS UNICA,Cohorte_12M,821,774.0,106.1
13121,Pedro Aguirre Cerda,VACUNA MENINGOCOCICA RECOMBINANTE 1RA DOSIS,Cohorte_2M,689,661.0,104.2
13121,Pedro Aguirre Cerda,VACUNA MENINGOCOCICA RECOMBINANTE 2DA DOSIS,Cohorte_4M,689,656.0,105.0
13121,Pedro Aguirre Cerda,VACUNA MENINGOCOCICA RECOMBINANTE REFUERZO,Cohorte_18M,149,911.0,16.4
13121,Pedro Aguirre Cerda,VACUNA NEUMOCOCICA CONJUGADA 1RA DOSIS,Cohorte_2M,688,661.0,104.1
13121,Pedro Aguirre Cerda,VACUNA NEUMOCOCICA CONJUGADA 2DA DOSIS,Cohorte_4M,686,656.0,104.6
13121,Pedro Aguirre Cerda,VACUNA NEUMOCOCICA CONJUGADA REFUERZO,Cohorte_12M,822,774.0,106.2
13121,Pedro Aguirre Cerda,VACUNA NEUMOCOCICA POLISACARIDA,Neumococica_Polisacarida_65,825,1216.0,67.8
13121,Pedro Aguirre Cerda,VACUNA SRP (TRIVIRICA) 1RA DOSIS,Cohorte_12M,826,774.0,106.7
13121,Pedro Aguirre Cerda,VACUNA SRP (TRIVIRICA) 2DA DOSIS,Cohorte_36M,804,865.0,92.9
13121,Pedro Aguirre Cerda,VACUNA VARICELA 1RA DOSIS,Cohorte_18M,950,911.0,104.3
13121,Pedro Aguirre Cerda,VACUNA VARICELA 2DA DOSIS,Cohorte_36M,821,865.0,94.9
13121,Pedro Aguirre Cerda,VACUNA VPH 4 BASICO,VPH_4basico,1106,1280.0,86.4
13121,Pedro Aguirre Cerda,VACUNA VPH 5 BASICO,VPH_5basico,1081,1285.0,84.1
13122,Peñalolén,VACUNA BCG,BCG_RN,1524,1715.0,88.9
13122,Peñalolén,VACUNA DTPA 1 BASICO,dTpa_1basico,2185,2255.0,96.9
13122,Peñalolén,VACUNA DTPA 8 BASICO,dTpa_8basico,2706,2936.0,92.2
13122,Peñalolén,VACUNA DTPA GESTANTES,dTpa_Gestantes,1461,2031.0,71.9
13122,Peñalolén,VACUNA HEPATITIS A PEDIATRICA,Cohorte_18M,1908,2071.0,92.1
13122,Peñalolén,VACUNA HEPATITIS B RN,HepB_RN,1539,1715.0,89.7
13122,Peñalolén,VACUNA HEXAVALENTE 1RA DOSIS,Cohorte_2M,1769,1789.0,98.9
13122,Peñalolén,VACUNA HEXAVALENTE 2DA DOSIS,Cohorte_4M,1816,1843.0,98.5
13122,Peñalolén,VACUNA HEXAVALENTE 3RA DOSIS,Hexavalente_3d_6m,1855,1871.0,99.1
13122,Peñalolén,VACUNA HEXAVALENTE REFUERZO,Hexavalente_ref_18m,2080,2071.0,100.4
13122,Peñalolén,VACUNA MENINGOCOCICA CONJUGADA DOSIS UNICA,Cohorte_12M,1942,2002.0,97.0
13122,Peñalolén,VACUNA MENINGOCOCICA RECOMBINANTE 1RA DOSIS,Cohorte_2M,1775,1789.0,99.2
13122,Peñalolén,VACUNA MENINGOCOCICA RECOMBINANTE 2DA DOSIS,Cohorte_4M,1812,1843.0,98.3
13122,Peñalolén,VACUNA MENINGOCOCICA RECOMBINANTE REFUERZO,Cohorte_18M,354,2071.0,17.1
13122,Peñalolén,VACUNA NEUMOCOCICA CONJUGADA 1RA DOSIS,Cohorte_2M,1766,1789.0,98.7
13122,Peñalolén,VACUNA NEUMOCOCICA CONJUGADA 2DA DOSIS,Cohorte_4M,1809,1843.0,98.2
13122,Peñalolén,VACUNA NEUMOCOCICA CONJUGADA REFUERZO,Cohorte_12M,2015,2002.0,100.6
13122,Peñalolén,VACUNA NEUMOCOCICA POLISACARIDA,Neumococica_Polisacarida_65,1132,2520.0,44.9
13122,Peñalolén,VACUNA SRP (TRIVIRICA) 1RA DOSIS,Cohorte_12M,2028,2002.0,101.3
13122,Peñalolén,VACUNA SRP (TRIVIRICA) 2DA DOSIS,Cohorte_36M,1719,1940.0,88.6
13122,Peñalolén,VACUNA VARICELA 1RA DOSIS,Cohorte_18M,2087,2071.0,100.8
13122,Peñalolén,VACUNA VARICELA 2DA DOSIS,Cohorte_36M,1740,1940.0,89.7
13122,Peñalolén,VACUNA VPH 4 BASICO,VPH_4basico,2691,2825.0,95.3
13122,Peñalolén,VACUNA VPH 5 BASICO,VPH_5basico,2478,2698.0,91.8
13123,Providencia,VACUNA BCG,BCG_RN,1204,1222.0,98.5
13123,Providencia,VACUNA DTPA 1 BASICO,dTpa_1basico,1646,1581.0,104.1
13123,Providencia,VACUNA DTPA 8 BASICO,dTpa_8basico,2084,2403.0,86.7
13123,Providencia,VACUNA DTPA GESTANTES,dTpa_Gestantes,1189,1521.0,78.2
13123,Providencia,VACUNA HEPATITIS A PEDIATRICA,Cohorte_18M,1039,1342.0,77.4
13123,Providencia,VACUNA HEPATITIS B RN,HepB_RN,1147,1222.0,93.9
13123,Providencia,VACUNA HEXAVALENTE 1RA DOSIS,Cohorte_2M,1287,1214.0,106.0
13123,Providencia,VACUNA HEXAVALENTE 2DA DOSIS,Cohorte_4M,1247,1243.0,100.3
13123,Providencia,VACUNA HEXAVALENTE 3RA DOSIS,Hexavalente_3d_6m,1235,1233.0,100.2
13123,Providencia,VACUNA HEXAVALENTE REFUERZO,Hexavalente_ref_18m,1214,1342.0,90.5
13123,Providencia,VACUNA MENINGOCOCICA CONJUGADA DOSIS UNICA,Cohorte_12M,1146,1279.0,89.6
13123,Providencia,VACUNA MENINGOCOCICA RECOMBINANTE 1RA DOSIS,Cohorte_2M,1291,1214.0,106.3
13123,Providencia,VACUNA MENINGOCOCICA RECOMBINANTE 2DA DOSIS,Cohorte_4M,1238,1243.0,99.6
13123,Providencia,VACUNA MENINGOCOCICA RECOMBINANTE REFUERZO,Cohorte_18M,277,1342.0,20.6
13123,Providencia,VACUNA NEUMOCOCICA CONJUGADA 1RA DOSIS,Cohorte_2M,1285,1214.0,105.8
13123,Providencia,VACUNA NEUMOCOCICA CONJUGADA 2DA DOSIS,Cohorte_4M,1232,1243.0,99.1
13123,Providencia,VACUNA NEUMOCOCICA CONJUGADA REFUERZO,Cohorte_12M,1195,1279.0,93.4
13123,Providencia,VACUNA NEUMOCOCICA POLISACARIDA,Neumococica_Polisacarida_65,891,1559.0,57.2
13123,Providencia,VACUNA SRP (TRIVIRICA) 1RA DOSIS,Cohorte_12M,1207,1279.0,94.4
13123,Providencia,VACUNA SRP (TRIVIRICA) 2DA DOSIS,Cohorte_36M,1012,1453.0,69.6
13123,Providencia,VACUNA VARICELA 1RA DOSIS,Cohorte_18M,1216,1342.0,90.6
13123,Providencia,VACUNA VARICELA 2DA DOSIS,Cohorte_36M,1028,1453.0,70.8
13123,Providencia,VACUNA VPH 4 BASICO,VPH_4basico,1692,1833.0,92.3
13123,Providencia,VACUNA VPH 5 BASICO,VPH_5basico,1584,1769.0,89.5
13124,Pudahuel,VACUNA BCG,BCG_RN,1648,1654.0,99.6
13124,Pudahuel,VACUNA DTPA 1 BASICO,dTpa_1basico,2107,2398.0,87.9
13124,Pudahuel,VACUNA DTPA 8 BASICO,dTpa_8basico,2076,2404.0,86.4
13124,Pudahuel,VACUNA DTPA GESTANTES,dTpa_Gestantes,1481,2126.0,69.7
13124,Pudahuel,VACUNA HEPATITIS A PEDIATRICA,Cohorte_18M,1879,1991.0,94.4
13124,Pudahuel,VACUNA HEPATITIS B RN,HepB_RN,1653,1654.0,99.9
13124,Pudahuel,VACUNA HEXAVALENTE 1RA DOSIS,Cohorte_2M,1736,1708.0,101.6
13124,Pudahuel,VACUNA HEXAVALENTE 2DA DOSIS,Cohorte_4M,1791,1736.0,103.2
13124,Pudahuel,VACUNA HEXAVALENTE 3RA DOSIS,Hexavalente_3d_6m,1815,1767.0,102.7
13124,Pudahuel,VACUNA HEXAVALENTE REFUERZO,Hexavalente_ref_18m,1895,1991.0,95.2
13124,Pudahuel,VACUNA MENINGOCOCICA CONJUGADA DOSIS UNICA,Cohorte_12M,1830,1843.0,99.3
13124,Pudahuel,VACUNA MENINGOCOCICA RECOMBINANTE 1RA DOSIS,Cohorte_2M,1746,1708.0,102.2
13124,Pudahuel,VACUNA MENINGOCOCICA RECOMBINANTE 2DA DOSIS,Cohorte_4M,1794,1736.0,103.3
13124,Pudahuel,VACUNA MENINGOCOCICA RECOMBINANTE REFUERZO,Cohorte_18M,321,1991.0,16.1
13124,Pudahuel,VACUNA NEUMOCOCICA CONJUGADA 1RA DOSIS,Cohorte_2M,1737,1708.0,101.7
13124,Pudahuel,VACUNA NEUMOCOCICA CONJUGADA 2DA DOSIS,Cohorte_4M,1792,1736.0,103.2
13124,Pudahuel,VACUNA NEUMOCOCICA CONJUGADA REFUERZO,Cohorte_12M,1826,1843.0,99.1
13124,Pudahuel,VACUNA NEUMOCOCICA POLISACARIDA,Neumococica_Polisacarida_65,1688,2204.0,76.6
13124,Pudahuel,VACUNA SRP (TRIVIRICA) 1RA DOSIS,Cohorte_12M,1825,1843.0,99.0
13124,Pudahuel,VACUNA SRP (TRIVIRICA) 2DA DOSIS,Cohorte_36M,1690,2031.0,83.2
13124,Pudahuel,VACUNA VARICELA 1RA DOSIS,Cohorte_18M,1879,1991.0,94.4
13124,Pudahuel,VACUNA VARICELA 2DA DOSIS,Cohorte_36M,1704,2031.0,83.9
13124,Pudahuel,VACUNA VPH 4 BASICO,VPH_4basico,2253,2637.0,85.4
13124,Pudahuel,VACUNA VPH 5 BASICO,VPH_5basico,2158,2475.0,87.2
13125,Quilicura,VACUNA BCG,BCG_RN,1513,1665.0,90.9
13125,Quilicura,VACUNA DTPA 1 BASICO,dTpa_1basico,2415,2846.0,84.9
13125,Quilicura,VACUNA DTPA 8 BASICO,dTpa_8basico,2679,3171.0,84.5
13125,Quilicura,VACUNA DTPA GESTANTES,dTpa_Gestantes,1457,2237.0,65.1
13125,Quilicura,VACUNA HEPATITIS A PEDIATRICA,Cohorte_18M,2131,2157.0,98.8
13125,Quilicura,VACUNA HEPATITIS B RN,HepB_RN,1516,1665.0,91.1
13125,Quilicura,VACUNA HEXAVALENTE 1RA DOSIS,Cohorte_2M,1782,1704.0,104.6
13125,Quilicura,VACUNA HEXAVALENTE 2DA DOSIS,Cohorte_4M,1808,1752.0,103.2
13125,Quilicura,VACUNA HEXAVALENTE 3RA DOSIS,Hexavalente_3d_6m,1800,1790.0,100.6
13125,Quilicura,VACUNA HEXAVALENTE REFUERZO,Hexavalente_ref_18m,2128,2157.0,98.7
13125,Quilicura,VACUNA MENINGOCOCICA CONJUGADA DOSIS UNICA,Cohorte_12M,1938,1956.0,99.1
13125,Quilicura,VACUNA MENINGOCOCICA RECOMBINANTE 1RA DOSIS,Cohorte_2M,1799,1704.0,105.6
13125,Quilicura,VACUNA MENINGOCOCICA RECOMBINANTE 2DA DOSIS,Cohorte_4M,1805,1752.0,103.0
13125,Quilicura,VACUNA MENINGOCOCICA RECOMBINANTE REFUERZO,Cohorte_18M,311,2157.0,14.4
13125,Quilicura,VACUNA NEUMOCOCICA CONJUGADA 1RA DOSIS,Cohorte_2M,1789,1704.0,105.0
13125,Quilicura,VACUNA NEUMOCOCICA CONJUGADA 2DA DOSIS,Cohorte_4M,1810,1752.0,103.3
13125,Quilicura,VACUNA NEUMOCOCICA CONJUGADA REFUERZO,Cohorte_12M,1930,1956.0,98.7
13125,Quilicura,VACUNA NEUMOCOCICA POLISACARIDA,Neumococica_Polisacarida_65,989,1805.0,54.8
13125,Quilicura,VACUNA SRP (TRIVIRICA) 1RA DOSIS,Cohorte_12M,1952,1956.0,99.8
13125,Quilicura,VACUNA SRP (TRIVIRICA) 2DA DOSIS,Cohorte_36M,1758,2137.0,82.3
13125,Quilicura,VACUNA VARICELA 1RA DOSIS,Cohorte_18M,2139,2157.0,99.2
13125,Quilicura,VACUNA VARICELA 2DA DOSIS,Cohorte_36M,1766,2137.0,82.6
13125,Quilicura,VACUNA VPH 4 BASICO,VPH_4basico,2693,3091.0,87.1
13125,Quilicura,VACUNA VPH 5 BASICO,VPH_5basico,2703,3125.0,86.5
13126,Quinta Normal,VACUNA BCG,BCG_RN,971,1100.0,88.3
13126,Quinta Normal,VACUNA DTPA 1 BASICO,dTpa_1basico,1484,1800.0,82.4
13126,Quinta Normal,VACUNA DTPA 8 BASICO,dTpa_8basico,1528,1849.0,82.6
13126,Quinta Normal,VACUNA DTPA GESTANTES,dTpa_Gestantes,842,1388.0,60.7
13126,Quinta Normal,VACUNA HEPATITIS A PEDIATRICA,Cohorte_18M,960,1365.0,70.3
13126,Quinta Normal,VACUNA HEPATITIS B RN,HepB_RN,961,1100.0,87.4
13126,Quinta Normal,VACUNA HEXAVALENTE 1RA DOSIS,Cohorte_2M,952,1115.0,85.4
13126,Quinta Normal,VACUNA HEXAVALENTE 2DA DOSIS,Cohorte_4M,988,1172.0,84.3
13126,Quinta Normal,VACUNA HEXAVALENTE 3RA DOSIS,Hexavalente_3d_6m,1002,1198.0,83.6
13126,Quinta Normal,VACUNA HEXAVALENTE REFUERZO,Hexavalente_ref_18m,959,1365.0,70.3
13126,Quinta Normal,VACUNA MENINGOCOCICA CONJUGADA DOSIS UNICA,Cohorte_12M,1049,1277.0,82.1
13126,Quinta Normal,VACUNA MENINGOCOCICA RECOMBINANTE 1RA DOSIS,Cohorte_2M,980,1115.0,87.9
13126,Quinta Normal,VACUNA MENINGOCOCICA RECOMBINANTE 2DA DOSIS,Cohorte_4M,1006,1172.0,85.8
13126,Quinta Normal,VACUNA MENINGOCOCICA RECOMBINANTE REFUERZO,Cohorte_18M,138,1365.0,10.1
13126,Quinta Normal,VACUNA NEUMOCOCICA CONJUGADA 1RA DOSIS,Cohorte_2M,958,1115.0,85.9
13126,Quinta Normal,VACUNA NEUMOCOCICA CONJUGADA 2DA DOSIS,Cohorte_4M,992,1172.0,84.6
13126,Quinta Normal,VACUNA NEUMOCOCICA CONJUGADA REFUERZO,Cohorte_12M,1024,1277.0,80.2
13126,Quinta Normal,VACUNA NEUMOCOCICA POLISACARIDA,Neumococica_Polisacarida_65,577,1415.0,40.8
13126,Quinta Normal,VACUNA SRP (TRIVIRICA) 1RA DOSIS,Cohorte_12M,1037,1277.0,81.2
13126,Quinta Normal,VACUNA SRP (TRIVIRICA) 2DA DOSIS,Cohorte_36M,782,1326.0,59.0
13126,Quinta Normal,VACUNA VARICELA 1RA DOSIS,Cohorte_18M,952,1365.0,69.7
13126,Quinta Normal,VACUNA VARICELA 2DA DOSIS,Cohorte_36M,789,1326.0,59.5
13126,Quinta Normal,VACUNA VPH 4 BASICO,VPH_4basico,1648,1935.0,85.2
13126,Quinta Normal,VACUNA VPH 5 BASICO,VPH_5basico,1638,1939.0,84.5
13127,Recoleta,VACUNA BCG,BCG_RN,1024,1254.0,81.7
13127,Recoleta,VACUNA DTPA 1 BASICO,dTpa_1basico,1881,2066.0,91.0
13127,Recoleta,VACUNA DTPA 8 BASICO,dTpa_8basico,2003,2279.0,87.9
13127,Recoleta,VACUNA DTPA GESTANTES,dTpa_Gestantes,1147,1674.0,68.5
13127,Recoleta,VACUNA HEPATITIS A PEDIATRICA,Cohorte_18M,1382,1538.0,89.9
13127,Recoleta,VACUNA HEPATITIS B RN,HepB_RN,1019,1254.0,81.3
13127,Recoleta,VACUNA HEXAVALENTE 1RA DOSIS,Cohorte_2M,1374,1289.0,106.6
13127,Recoleta,VACUNA HEXAVALENTE 2DA DOSIS,Cohorte_4M,1338,1326.0,100.9
13127,Recoleta,VACUNA HEXAVALENTE 3RA DOSIS,Hexavalente_3d_6m,1315,1341.0,98.1
13127,Recoleta,VACUNA HEXAVALENTE REFUERZO,Hexavalente_ref_18m,1380,1538.0,89.7
13127,Recoleta,VACUNA MENINGOCOCICA CONJUGADA DOSIS UNICA,Cohorte_12M,1327,1428.0,92.9
13127,Recoleta,VACUNA MENINGOCOCICA RECOMBINANTE 1RA DOSIS,Cohorte_2M,1404,1289.0,108.9
13127,Recoleta,VACUNA MENINGOCOCICA RECOMBINANTE 2DA DOSIS,Cohorte_4M,1369,1326.0,103.2
13127,Recoleta,VACUNA MENINGOCOCICA RECOMBINANTE REFUERZO,Cohorte_18M,198,1538.0,12.9
13127,Recoleta,VACUNA NEUMOCOCICA CONJUGADA 1RA DOSIS,Cohorte_2M,1374,1289.0,106.6
13127,Recoleta,VACUNA NEUMOCOCICA CONJUGADA 2DA DOSIS,Cohorte_4M,1343,1326.0,101.3
13127,Recoleta,VACUNA NEUMOCOCICA CONJUGADA REFUERZO,Cohorte_12M,1300,1428.0,91.0
13127,Recoleta,VACUNA NEUMOCOCICA POLISACARIDA,Neumococica_Polisacarida_65,935,2036.0,45.9
13127,Recoleta,VACUNA SRP (TRIVIRICA) 1RA DOSIS,Cohorte_12M,1306,1428.0,91.5
13127,Recoleta,VACUNA SRP (TRIVIRICA) 2DA DOSIS,Cohorte_36M,1170,1599.0,73.2
13127,Recoleta,VACUNA VARICELA 1RA DOSIS,Cohorte_18M,1374,1538.0,89.3
13127,Recoleta,VACUNA VARICELA 2DA DOSIS,Cohorte_36M,1206,1599.0,75.4
13127,Recoleta,VACUNA VPH 4 BASICO,VPH_4basico,2093,2300.0,91.0
13127,Recoleta,VACUNA VPH 5 BASICO,VPH_5basico,2004,2245.0,89.3
13128,Renca,VACUNA BCG,BCG_RN,1166,1249.0,93.4
13128,Renca,VACUNA DTPA 1 BASICO,dTpa_1basico,1523,1663.0,91.6
13128,Renca,VACUNA DTPA 8 BASICO,dTpa_8basico,1499,1853.0,80.9
13128,Renca,VACUNA DTPA GESTANTES,dTpa_Gestantes,1032,1591.0,64.9
13128,Renca,VACUNA HEPATITIS A PEDIATRICA,Cohorte_18M,1366,1518.0,90.0
13128,Renca,VACUNA HEPATITIS B RN,HepB_RN,1166,1249.0,93.4
13128,Renca,VACUNA HEXAVALENTE 1RA DOSIS,Cohorte_2M,1248,1280.0,97.5
13128,Renca,VACUNA HEXAVALENTE 2DA DOSIS,Cohorte_4M,1286,1335.0,96.3
13128,Renca,VACUNA HEXAVALENTE 3RA DOSIS,Hexavalente_3d_6m,1257,1312.0,95.8
13128,Renca,VACUNA HEXAVALENTE REFUERZO,Hexavalente_ref_18m,1373,1518.0,90.4
13128,Renca,VACUNA MENINGOCOCICA CONJUGADA DOSIS UNICA,Cohorte_12M,1304,1430.0,91.2
13128,Renca,VACUNA MENINGOCOCICA RECOMBINANTE 1RA DOSIS,Cohorte_2M,1257,1280.0,98.2
13128,Renca,VACUNA MENINGOCOCICA RECOMBINANTE 2DA DOSIS,Cohorte_4M,1292,1335.0,96.8
13128,Renca,VACUNA MENINGOCOCICA RECOMBINANTE REFUERZO,Cohorte_18M,217,1518.0,14.3
13128,Renca,VACUNA NEUMOCOCICA CONJUGADA 1RA DOSIS,Cohorte_2M,1253,1280.0,97.9
13128,Renca,VACUNA NEUMOCOCICA CONJUGADA 2DA DOSIS,Cohorte_4M,1290,1335.0,96.6
13128,Renca,VACUNA NEUMOCOCICA CONJUGADA REFUERZO,Cohorte_12M,1308,1430.0,91.5
13128,Renca,VACUNA NEUMOCOCICA POLISACARIDA,Neumococica_Polisacarida_65,859,1571.0,54.7
13128,Renca,VACUNA SRP (TRIVIRICA) 1RA DOSIS,Cohorte_12M,1319,1430.0,92.2
13128,Renca,VACUNA SRP (TRIVIRICA) 2DA DOSIS,Cohorte_36M,1157,1520.0,76.1
13128,Renca,VACUNA VARICELA 1RA DOSIS,Cohorte_18M,1378,1518.0,90.8
13128,Renca,VACUNA VARICELA 2DA DOSIS,Cohorte_36M,1236,1520.0,81.3
13128,Renca,VACUNA VPH 4 BASICO,VPH_4basico,1686,1891.0,89.2
13128,Renca,VACUNA VPH 5 BASICO,VPH_5basico,1471,1680.0,87.6
13129,San Joaquín,VACUNA BCG,BCG_RN,568,673.0,84.4
13129,San Joaquín,VACUNA DTPA 1 BASICO,dTpa_1basico,774,782.0,99.0
13129,San Joaquín,VACUNA DTPA 8 BASICO,dTpa_8basico,767,806.0,95.2
13129,San Joaquín,VACUNA DTPA GESTANTES,dTpa_Gestantes,512,857.0,59.7
13129,San Joaquín,VACUNA HEPATITIS A PEDIATRICA,Cohorte_18M,757,844.0,89.7
13129,San Joaquín,VACUNA HEPATITIS B RN,HepB_RN,565,673.0,84.0
13129,San Joaquín,VACUNA HEXAVALENTE 1RA DOSIS,Cohorte_2M,703,715.0,98.3
13129,San Joaquín,VACUNA HEXAVALENTE 2DA DOSIS,Cohorte_4M,699,711.0,98.3
13129,San Joaquín,VACUNA HEXAVALENTE 3RA DOSIS,Hexavalente_3d_6m,722,724.0,99.7
13129,San Joaquín,VACUNA HEXAVALENTE REFUERZO,Hexavalente_ref_18m,752,844.0,89.1
13129,San Joaquín,VACUNA MENINGOCOCICA CONJUGADA DOSIS UNICA,Cohorte_12M,739,766.0,96.5
13129,San Joaquín,VACUNA MENINGOCOCICA RECOMBINANTE 1RA DOSIS,Cohorte_2M,717,715.0,100.3
13129,San Joaquín,VACUNA MENINGOCOCICA RECOMBINANTE 2DA DOSIS,Cohorte_4M,702,711.0,98.7
13129,San Joaquín,VACUNA MENINGOCOCICA RECOMBINANTE REFUERZO,Cohorte_18M,107,844.0,12.7
13129,San Joaquín,VACUNA NEUMOCOCICA CONJUGADA 1RA DOSIS,Cohorte_2M,708,715.0,99.0
13129,San Joaquín,VACUNA NEUMOCOCICA CONJUGADA 2DA DOSIS,Cohorte_4M,701,711.0,98.6
13129,San Joaquín,VACUNA NEUMOCOCICA CONJUGADA REFUERZO,Cohorte_12M,728,766.0,95.0
13129,San Joaquín,VACUNA NEUMOCOCICA POLISACARIDA,Neumococica_Polisacarida_65,645,1097.0,58.8
13129,San Joaquín,VACUNA SRP (TRIVIRICA) 1RA DOSIS,Cohorte_12M,727,766.0,94.9
13129,San Joaquín,VACUNA SRP (TRIVIRICA) 2DA DOSIS,Cohorte_36M,631,819.0,77.0
13129,San Joaquín,VACUNA VARICELA 1RA DOSIS,Cohorte_18M,752,844.0,89.1
13129,San Joaquín,VACUNA VARICELA 2DA DOSIS,Cohorte_36M,655,819.0,80.0
13129,San Joaquín,VACUNA VPH 4 BASICO,VPH_4basico,813,837.0,97.1
13129,San Joaquín,VACUNA VPH 5 BASICO,VPH_5basico,754,791.0,95.3
13130,San Miguel,VACUNA BCG,BCG_RN,1215,1422.0,85.4
13130,San Miguel,VACUNA DTPA 1 BASICO,dTpa_1basico,1505,1579.0,95.3
13130,San Miguel,VACUNA DTPA 8 BASICO,dTpa_8basico,1618,1734.0,93.3
13130,San Miguel,VACUNA DTPA GESTANTES,dTpa_Gestantes,1099,1793.0,61.3
13130,San Miguel,VACUNA HEPATITIS A PEDIATRICA,Cohorte_18M,1388,1814.0,76.5
13130,San Miguel,VACUNA HEPATITIS B RN,HepB_RN,1207,1422.0,84.9
13130,San Miguel,VACUNA HEXAVALENTE 1RA DOSIS,Cohorte_2M,1342,1451.0,92.5
13130,San Miguel,VACUNA HEXAVALENTE 2DA DOSIS,Cohorte_4M,1350,1501.0,89.9
13130,San Miguel,VACUNA HEXAVALENTE 3RA DOSIS,Hexavalente_3d_6m,1383,1533.0,90.2
13130,San Miguel,VACUNA HEXAVALENTE REFUERZO,Hexavalente_ref_18m,1445,1814.0,79.7
13130,San Miguel,VACUNA MENINGOCOCICA CONJUGADA DOSIS UNICA,Cohorte_12M,1459,1742.0,83.8
13130,San Miguel,VACUNA MENINGOCOCICA RECOMBINANTE 1RA DOSIS,Cohorte_2M,1346,1451.0,92.8
13130,San Miguel,VACUNA MENINGOCOCICA RECOMBINANTE 2DA DOSIS,Cohorte_4M,1353,1501.0,90.1
13130,San Miguel,VACUNA MENINGOCOCICA RECOMBINANTE REFUERZO,Cohorte_18M,192,1814.0,10.6
13130,San Miguel,VACUNA NEUMOCOCICA CONJUGADA 1RA DOSIS,Cohorte_2M,1348,1451.0,92.9
13130,San Miguel,VACUNA NEUMOCOCICA CONJUGADA 2DA DOSIS,Cohorte_4M,1352,1501.0,90.1
13130,San Miguel,VACUNA NEUMOCOCICA CONJUGADA REFUERZO,Cohorte_12M,1460,1742.0,83.8
13130,San Miguel,VACUNA NEUMOCOCICA POLISACARIDA,Neumococica_Polisacarida_65,811,1331.0,60.9
13130,San Miguel,VACUNA SRP (TRIVIRICA) 1RA DOSIS,Cohorte_12M,1463,1742.0,84.0
13130,San Miguel,VACUNA SRP (TRIVIRICA) 2DA DOSIS,Cohorte_36M,1038,1713.0,60.6
13130,San Miguel,VACUNA VARICELA 1RA DOSIS,Cohorte_18M,1451,1814.0,80.0
13130,San Miguel,VACUNA VARICELA 2DA DOSIS,Cohorte_36M,1066,1713.0,62.2
13130,San Miguel,VACUNA VPH 4 BASICO,VPH_4basico,1550,1631.0,95.0
13130,San Miguel,VACUNA VPH 5 BASICO,VPH_5basico,1467,1574.0,93.2
13131,San Ramón,VACUNA BCG,BCG_RN,517,608.0,85.0
13131,San Ramón,VACUNA DTPA 1 BASICO,dTpa_1basico,806,864.0,93.3
13131,San Ramón,VACUNA DTPA 8 BASICO,dTpa_8basico,968,1106.0,87.5
13131,San Ramón,VACUNA DTPA GESTANTES,dTpa_Gestantes,480,806.0,59.6
13131,San Ramón,VACUNA HEPATITIS A PEDIATRICA,Cohorte_18M,654,770.0,84.9
13131,San Ramón,VACUNA HEPATITIS B RN,HepB_RN,526,608.0,86.5
13131,San Ramón,VACUNA HEXAVALENTE 1RA DOSIS,Cohorte_2M,548,625.0,87.7
13131,San Ramón,VACUNA HEXAVALENTE 2DA DOSIS,Cohorte_4M,556,614.0,90.6
13131,San Ramón,VACUNA HEXAVALENTE 3RA DOSIS,Hexavalente_3d_6m,561,629.0,89.2
13131,San Ramón,VACUNA HEXAVALENTE REFUERZO,Hexavalente_ref_18m,652,770.0,84.7
13131,San Ramón,VACUNA MENINGOCOCICA CONJUGADA DOSIS UNICA,Cohorte_12M,618,708.0,87.3
13131,San Ramón,VACUNA MENINGOCOCICA RECOMBINANTE 1RA DOSIS,Cohorte_2M,553,625.0,88.5
13131,San Ramón,VACUNA MENINGOCOCICA RECOMBINANTE 2DA DOSIS,Cohorte_4M,557,614.0,90.7
13131,San Ramón,VACUNA MENINGOCOCICA RECOMBINANTE REFUERZO,Cohorte_18M,104,770.0,13.5
13131,San Ramón,VACUNA NEUMOCOCICA CONJUGADA 1RA DOSIS,Cohorte_2M,549,625.0,87.8
13131,San Ramón,VACUNA NEUMOCOCICA CONJUGADA 2DA DOSIS,Cohorte_4M,554,614.0,90.2
13131,San Ramón,VACUNA NEUMOCOCICA CONJUGADA REFUERZO,Cohorte_12M,616,708.0,87.0
13131,San Ramón,VACUNA NEUMOCOCICA POLISACARIDA,Neumococica_Polisacarida_65,374,862.0,43.4
13131,San Ramón,VACUNA SRP (TRIVIRICA) 1RA DOSIS,Cohorte_12M,617,708.0,87.1
13131,San Ramón,VACUNA SRP (TRIVIRICA) 2DA DOSIS,Cohorte_36M,602,770.0,78.2
13131,San Ramón,VACUNA VARICELA 1RA DOSIS,Cohorte_18M,651,770.0,84.5
13131,San Ramón,VACUNA VARICELA 2DA DOSIS,Cohorte_36M,596,770.0,77.4
13131,San Ramón,VACUNA VPH 4 BASICO,VPH_4basico,1020,1107.0,92.1
13131,San Ramón,VACUNA VPH 5 BASICO,VPH_5basico,993,1071.0,92.7
13132,Vitacura,VACUNA BCG,BCG_RN,1103,1112.0,99.2
13132,Vitacura,VACUNA DTPA 1 BASICO,dTpa_1basico,1630,1225.0,133.1
13132,Vitacura,VACUNA DTPA 8 BASICO,dTpa_8basico,1353,1240.0,109.1
13132,Vitacura,VACUNA DTPA GESTANTES,dTpa_Gestantes,875,1341.0,65.2
13132,Vitacura,VACUNA HEPATITIS A PEDIATRICA,Cohorte_18M,654,1028.0,63.6
13132,Vitacura,VACUNA HEPATITIS B RN,HepB_RN,1216,1112.0,109.4
13132,Vitacura,VACUNA HEXAVALENTE 1RA DOSIS,Cohorte_2M,965,1110.0,86.9
13132,Vitacura,VACUNA HEXAVALENTE 2DA DOSIS,Cohorte_4M,961,1112.0,86.4
13132,Vitacura,VACUNA HEXAVALENTE 3RA DOSIS,Hexavalente_3d_6m,946,1122.0,84.3
13132,Vitacura,VACUNA HEXAVALENTE REFUERZO,Hexavalente_ref_18m,842,1028.0,81.9
13132,Vitacura,VACUNA MENINGOCOCICA CONJUGADA DOSIS UNICA,Cohorte_12M,874,1079.0,81.0
13132,Vitacura,VACUNA MENINGOCOCICA RECOMBINANTE 1RA DOSIS,Cohorte_2M,1000,1110.0,90.1
13132,Vitacura,VACUNA MENINGOCOCICA RECOMBINANTE 2DA DOSIS,Cohorte_4M,976,1112.0,87.8
13132,Vitacura,VACUNA MENINGOCOCICA RECOMBINANTE REFUERZO,Cohorte_18M,186,1028.0,18.1
13132,Vitacura,VACUNA NEUMOCOCICA CONJUGADA 1RA DOSIS,Cohorte_2M,959,1110.0,86.4
13132,Vitacura,VACUNA NEUMOCOCICA CONJUGADA 2DA DOSIS,Cohorte_4M,958,1112.0,86.2
13132,Vitacura,VACUNA NEUMOCOCICA CONJUGADA REFUERZO,Cohorte_12M,889,1079.0,82.4
13132,Vitacura,VACUNA NEUMOCOCICA POLISACARIDA,Neumococica_Polisacarida_65,694,1109.0,62.6
13132,Vitacura,VACUNA SRP (TRIVIRICA) 1RA DOSIS,Cohorte_12M,909,1079.0,84.2
13132,Vitacura,VACUNA SRP (TRIVIRICA) 2DA DOSIS,Cohorte_36M,884,1281.0,69.0
13132,Vitacura,VACUNA VARICELA 1RA DOSIS,Cohorte_18M,840,1028.0,81.7
13132,Vitacura,VACUNA VARICELA 2DA DOSIS,Cohorte_36M,904,1281.0,70.6
13132,Vitacura,VACUNA VPH 4 BASICO,VPH_4basico,1550,1437.0,107.9
13132,Vitacura,VACUNA VPH 5 BASICO,VPH_5basico,1479,1387.0,106.6
13201,Puente Alto,VACUNA BCG,BCG_RN,4164,4277.0,97.4
13201,Puente Alto,VACUNA DTPA 1 BASICO,dTpa_1basico,5708,6275.0,91.0
13201,Puente Alto,VACUNA DTPA 8 BASICO,dTpa_8basico,6592,7512.0,87.8
13201,Puente Alto,VACUNA DTPA GESTANTES,dTpa_Gestantes,3318,5308.0,62.5
13201,Puente Alto,VACUNA HEPATITIS A PEDIATRICA,Cohorte_18M,4141,5070.0,81.7
13201,Puente Alto,VACUNA HEPATITIS B RN,HepB_RN,4166,4277.0,97.4
13201,Puente Alto,VACUNA HEXAVALENTE 1RA DOSIS,Cohorte_2M,3965,4372.0,90.7
13201,Puente Alto,VACUNA HEXAVALENTE 2DA DOSIS,Cohorte_4M,3998,4454.0,89.8
13201,Puente Alto,VACUNA HEXAVALENTE 3RA DOSIS,Hexavalente_3d_6m,3990,4520.0,88.3
13201,Puente Alto,VACUNA HEXAVALENTE REFUERZO,Hexavalente_ref_18m,4171,5070.0,82.3
13201,Puente Alto,VACUNA MENINGOCOCICA CONJUGADA DOSIS UNICA,Cohorte_12M,4042,4763.0,84.9
13201,Puente Alto,VACUNA MENINGOCOCICA RECOMBINANTE 1RA DOSIS,Cohorte_2M,3968,4372.0,90.8
13201,Puente Alto,VACUNA MENINGOCOCICA RECOMBINANTE 2DA DOSIS,Cohorte_4M,3985,4454.0,89.5
13201,Puente Alto,VACUNA MENINGOCOCICA RECOMBINANTE REFUERZO,Cohorte_18M,665,5070.0,13.1
13201,Puente Alto,VACUNA NEUMOCOCICA CONJUGADA 1RA DOSIS,Cohorte_2M,3969,4372.0,90.8
13201,Puente Alto,VACUNA NEUMOCOCICA CONJUGADA 2DA DOSIS,Cohorte_4M,3998,4454.0,89.8
13201,Puente Alto,VACUNA NEUMOCOCICA CONJUGADA REFUERZO,Cohorte_12M,4095,4763.0,86.0
13201,Puente Alto,VACUNA NEUMOCOCICA POLISACARIDA,Neumococica_Polisacarida_65,2675,5629.0,47.5
13201,Puente Alto,VACUNA SRP (TRIVIRICA) 1RA DOSIS,Cohorte_12M,4130,4763.0,86.7
13201,Puente Alto,VACUNA SRP (TRIVIRICA) 2DA DOSIS,Cohorte_36M,3737,5070.0,73.7
13201,Puente Alto,VACUNA VARICELA 1RA DOSIS,Cohorte_18M,4167,5070.0,82.2
13201,Puente Alto,VACUNA VARICELA 2DA DOSIS,Cohorte_36M,3716,5070.0,73.3
13201,Puente Alto,VACUNA VPH 4 BASICO,VPH_4basico,6685,7413.0,90.2
13201,Puente Alto,VACUNA VPH 5 BASICO,VPH_5basico,6226,7051.0,88.3
13202,Pirque,VACUNA BCG,BCG_RN,204,262.0,77.9
13202,Pirque,VACUNA DTPA 1 BASICO,dTpa_1basico,319,291.0,109.6
13202,Pirque,VACUNA DTPA 8 BASICO,dTpa_8basico,282,296.0,95.3
13202,Pirque,VACUNA DTPA GESTANTES,dTpa_Gestantes,204,283.0,72.1
13202,Pirque,VACUNA HEPATITIS A PEDIATRICA,Cohorte_18M,255,269.0,94.8
13202,Pirque,VACUNA HEPATITIS B RN,HepB_RN,217,262.0,82.8
13202,Pirque,VACUNA HEXAVALENTE 1RA DOSIS,Cohorte_2M,268,281.0,95.4
13202,Pirque,VACUNA HEXAVALENTE 2DA DOSIS,Cohorte_4M,277,291.0,95.2
13202,Pirque,VACUNA HEXAVALENTE 3RA DOSIS,Hexavalente_3d_6m,274,290.0,94.5
13202,Pirque,VACUNA HEXAVALENTE REFUERZO,Hexavalente_ref_18m,272,269.0,101.1
13202,Pirque,VACUNA MENINGOCOCICA CONJUGADA DOSIS UNICA,Cohorte_12M,270,300.0,90.0
13202,Pirque,VACUNA MENINGOCOCICA RECOMBINANTE 1RA DOSIS,Cohorte_2M,268,281.0,95.4
13202,Pirque,VACUNA MENINGOCOCICA RECOMBINANTE 2DA DOSIS,Cohorte_4M,278,291.0,95.5
13202,Pirque,VACUNA MENINGOCOCICA RECOMBINANTE REFUERZO,Cohorte_18M,50,269.0,18.6
13202,Pirque,VACUNA NEUMOCOCICA CONJUGADA 1RA DOSIS,Cohorte_2M,268,281.0,95.4
13202,Pirque,VACUNA NEUMOCOCICA CONJUGADA 2DA DOSIS,Cohorte_4M,278,291.0,95.5
13202,Pirque,VACUNA NEUMOCOCICA CONJUGADA REFUERZO,Cohorte_12M,288,300.0,96.0
13202,Pirque,VACUNA NEUMOCOCICA POLISACARIDA,Neumococica_Polisacarida_65,253,317.0,79.8
13202,Pirque,VACUNA SRP (TRIVIRICA) 1RA DOSIS,Cohorte_12M,290,300.0,96.7
13202,Pirque,VACUNA SRP (TRIVIRICA) 2DA DOSIS,Cohorte_36M,255,270.0,94.4
13202,Pirque,VACUNA VARICELA 1RA DOSIS,Cohorte_18M,276,269.0,102.6
13202,Pirque,VACUNA VARICELA 2DA DOSIS,Cohorte_36M,251,270.0,93.0
13202,Pirque,VACUNA VPH 4 BASICO,VPH_4basico,347,339.0,102.4
13202,Pirque,VACUNA VPH 5 BASICO,VPH_5basico,299,317.0,94.3
13203,San José de Maipo,VACUNA BCG,BCG_RN,98,125.0,78.4
13203,San José de Maipo,VACUNA DTPA 1 BASICO,dTpa_1basico,160,176.0,90.9
13203,San José de Maipo,VACUNA DTPA 8 BASICO,dTpa_8basico,151,207.0,72.9
13203,San José de Maipo,VACUNA DTPA GESTANTES,dTpa_Gestantes,88,160.0,55.0
13203,San José de Maipo,VACUNA HEPATITIS A PEDIATRICA,Cohorte_18M,130,129.0,100.8
13203,San José de Maipo,VACUNA HEPATITIS B RN,HepB_RN,103,125.0,82.4
13203,San José de Maipo,VACUNA HEXAVALENTE 1RA DOSIS,Cohorte_2M,139,128.0,108.6
13203,San José de Maipo,VACUNA HEXAVALENTE 2DA DOSIS,Cohorte_4M,139,122.0,113.9
13203,San José de Maipo,VACUNA HEXAVALENTE 3RA DOSIS,Hexavalente_3d_6m,141,123.0,114.6
13203,San José de Maipo,VACUNA HEXAVALENTE REFUERZO,Hexavalente_ref_18m,132,129.0,102.3
13203,San José de Maipo,VACUNA MENINGOCOCICA CONJUGADA DOSIS UNICA,Cohorte_12M,126,118.0,106.8
13203,San José de Maipo,VACUNA MENINGOCOCICA RECOMBINANTE 1RA DOSIS,Cohorte_2M,138,128.0,107.8
13203,San José de Maipo,VACUNA MENINGOCOCICA RECOMBINANTE 2DA DOSIS,Cohorte_4M,138,122.0,113.1
13203,San José de Maipo,VACUNA MENINGOCOCICA RECOMBINANTE REFUERZO,Cohorte_18M,12,129.0,9.3
13203,San José de Maipo,VACUNA NEUMOCOCICA CONJUGADA 1RA DOSIS,Cohorte_2M,139,128.0,108.6
13203,San José de Maipo,VACUNA NEUMOCOCICA CONJUGADA 2DA DOSIS,Cohorte_4M,140,122.0,114.8
13203,San José de Maipo,VACUNA NEUMOCOCICA CONJUGADA REFUERZO,Cohorte_12M,129,118.0,109.3
13203,San José de Maipo,VACUNA NEUMOCOCICA POLISACARIDA,Neumococica_Polisacarida_65,89,190.0,46.8
13203,San José de Maipo,VACUNA SRP (TRIVIRICA) 1RA DOSIS,Cohorte_12M,132,118.0,111.9
13203,San José de Maipo,VACUNA SRP (TRIVIRICA) 2DA DOSIS,Cohorte_36M,151,153.0,98.7
13203,San José de Maipo,VACUNA VARICELA 1RA DOSIS,Cohorte_18M,131,129.0,101.6
13203,San José de Maipo,VACUNA VARICELA 2DA DOSIS,Cohorte_36M,150,153.0,98.0
13203,San José de Maipo,VACUNA VPH 4 BASICO,VPH_4basico,187,206.0,90.8
13203,San José de Maipo,VACUNA VPH 5 BASICO,VPH_5basico,150,193.0,77.7
13301,Colina,VACUNA BCG,BCG_RN,1610,1816.0,88.7
13301,Colina,VACUNA DTPA 1 BASICO,dTpa_1basico,2581,2731.0,94.5
13301,Colina,VACUNA DTPA 8 BASICO,dTpa_8basico,2811,3100.0,90.7
13301,Colina,VACUNA DTPA GESTANTES,dTpa_Gestantes,1564,2185.0,71.6
13301,Colina,VACUNA HEPATITIS A PEDIATRICA,Cohorte_18M,2183,2130.0,102.5
13301,Colina,VACUNA HEPATITIS B RN,HepB_RN,1572,1816.0,86.6
13301,Colina,VACUNA HEXAVALENTE 1RA DOSIS,Cohorte_2M,1868,1823.0,102.5
13301,Colina,VACUNA HEXAVALENTE 2DA DOSIS,Cohorte_4M,1933,1866.0,103.6
13301,Colina,VACUNA HEXAVALENTE 3RA DOSIS,Hexavalente_3d_6m,2018,1915.0,105.4
13301,Colina,VACUNA HEXAVALENTE REFUERZO,Hexavalente_ref_18m,2210,2130.0,103.8
13301,Colina,VACUNA MENINGOCOCICA CONJUGADA DOSIS UNICA,Cohorte_12M,2163,2064.0,104.8
13301,Colina,VACUNA MENINGOCOCICA RECOMBINANTE 1RA DOSIS,Cohorte_2M,1892,1823.0,103.8
13301,Colina,VACUNA MENINGOCOCICA RECOMBINANTE 2DA DOSIS,Cohorte_4M,1943,1866.0,104.1
13301,Colina,VACUNA MENINGOCOCICA RECOMBINANTE REFUERZO,Cohorte_18M,500,2130.0,23.5
13301,Colina,VACUNA NEUMOCOCICA CONJUGADA 1RA DOSIS,Cohorte_2M,1865,1823.0,102.3
13301,Colina,VACUNA NEUMOCOCICA CONJUGADA 2DA DOSIS,Cohorte_4M,1931,1866.0,103.5
13301,Colina,VACUNA NEUMOCOCICA CONJUGADA REFUERZO,Cohorte_12M,2163,2064.0,104.8
13301,Colina,VACUNA NEUMOCOCICA POLISACARIDA,Neumococica_Polisacarida_65,676,1269.0,53.3
13301,Colina,VACUNA SRP (TRIVIRICA) 1RA DOSIS,Cohorte_12M,2162,2064.0,104.7
13301,Colina,VACUNA SRP (TRIVIRICA) 2DA DOSIS,Cohorte_36M,2067,2087.0,99.0
13301,Colina,VACUNA VARICELA 1RA DOSIS,Cohorte_18M,2219,2130.0,104.2
13301,Colina,VACUNA VARICELA 2DA DOSIS,Cohorte_36M,2094,2087.0,100.3
13301,Colina,VACUNA VPH 4 BASICO,VPH_4basico,2943,2961.0,99.4
13301,Colina,VACUNA VPH 5 BASICO,VPH_5basico,2851,2973.0,95.9
13302,Lampa,VACUNA BCG,BCG_RN,1303,1494.0,87.2
13302,Lampa,VACUNA DTPA 1 BASICO,dTpa_1basico,1694,1914.0,88.5
13302,Lampa,VACUNA DTPA 8 BASICO,dTpa_8basico,1439,1700.0,84.6
13302,Lampa,VACUNA DTPA GESTANTES,dTpa_Gestantes,999,1885.0,53.0
13302,Lampa,VACUNA HEPATITIS A PEDIATRICA,Cohorte_18M,1362,1762.0,77.3
13302,Lampa,VACUNA HEPATITIS B RN,HepB_RN,1307,1494.0,87.5
13302,Lampa,VACUNA HEXAVALENTE 1RA DOSIS,Cohorte_2M,1238,1464.0,84.6
13302,Lampa,VACUNA HEXAVALENTE 2DA DOSIS,Cohorte_4M,1268,1521.0,83.4
13302,Lampa,VACUNA HEXAVALENTE 3RA DOSIS,Hexavalente_3d_6m,1305,1561.0,83.6
13302,Lampa,VACUNA HEXAVALENTE REFUERZO,Hexavalente_ref_18m,1381,1762.0,78.4
13302,Lampa,VACUNA MENINGOCOCICA CONJUGADA DOSIS UNICA,Cohorte_12M,1356,1622.0,83.6
13302,Lampa,VACUNA MENINGOCOCICA RECOMBINANTE 1RA DOSIS,Cohorte_2M,1261,1464.0,86.1
13302,Lampa,VACUNA MENINGOCOCICA RECOMBINANTE 2DA DOSIS,Cohorte_4M,1287,1521.0,84.6
13302,Lampa,VACUNA MENINGOCOCICA RECOMBINANTE REFUERZO,Cohorte_18M,282,1762.0,16.0
13302,Lampa,VACUNA NEUMOCOCICA CONJUGADA 1RA DOSIS,Cohorte_2M,1246,1464.0,85.1
13302,Lampa,VACUNA NEUMOCOCICA CONJUGADA 2DA DOSIS,Cohorte_4M,1275,1521.0,83.8
13302,Lampa,VACUNA NEUMOCOCICA CONJUGADA REFUERZO,Cohorte_12M,1343,1622.0,82.8
13302,Lampa,VACUNA NEUMOCOCICA POLISACARIDA,Neumococica_Polisacarida_65,498,842.0,59.1
13302,Lampa,VACUNA SRP (TRIVIRICA) 1RA DOSIS,Cohorte_12M,1358,1622.0,83.7
13302,Lampa,VACUNA SRP (TRIVIRICA) 2DA DOSIS,Cohorte_36M,1245,1801.0,69.1
13302,Lampa,VACUNA VARICELA 1RA DOSIS,Cohorte_18M,1386,1762.0,78.7
13302,Lampa,VACUNA VARICELA 2DA DOSIS,Cohorte_36M,1254,1801.0,69.6
13302,Lampa,VACUNA VPH 4 BASICO,VPH_4basico,1435,1988.0,72.2
13302,Lampa,VACUNA VPH 5 BASICO,VPH_5basico,1515,1828.0,82.9
13303,Tiltil,VACUNA BCG,BCG_RN,173,186.0,93.0
13303,Tiltil,VACUNA DTPA 1 BASICO,dTpa_1basico,270,280.0,96.4
13303,Tiltil,VACUNA DTPA 8 BASICO,dTpa_8basico,221,263.0,84.0
13303,Tiltil,VACUNA DTPA GESTANTES,dTpa_Gestantes,153,264.0,58.0
13303,Tiltil,VACUNA HEPATITIS A PEDIATRICA,Cohorte_18M,195,206.0,94.7
13303,Tiltil,VACUNA HEPATITIS B RN,HepB_RN,173,186.0,93.0
13303,Tiltil,VACUNA HEXAVALENTE 1RA DOSIS,Cohorte_2M,180,190.0,94.7
13303,Tiltil,VACUNA HEXAVALENTE 2DA DOSIS,Cohorte_4M,172,191.0,90.1
13303,Tiltil,VACUNA HEXAVALENTE 3RA DOSIS,Hexavalente_3d_6m,180,189.0,95.2
13303,Tiltil,VACUNA HEXAVALENTE REFUERZO,Hexavalente_ref_18m,195,206.0,94.7
13303,Tiltil,VACUNA MENINGOCOCICA CONJUGADA DOSIS UNICA,Cohorte_12M,188,197.0,95.4
13303,Tiltil,VACUNA MENINGOCOCICA RECOMBINANTE 1RA DOSIS,Cohorte_2M,179,190.0,94.2
13303,Tiltil,VACUNA MENINGOCOCICA RECOMBINANTE 2DA DOSIS,Cohorte_4M,172,191.0,90.1
13303,Tiltil,VACUNA MENINGOCOCICA RECOMBINANTE REFUERZO,Cohorte_18M,32,206.0,15.5
13303,Tiltil,VACUNA NEUMOCOCICA CONJUGADA 1RA DOSIS,Cohorte_2M,180,190.0,94.7
13303,Tiltil,VACUNA NEUMOCOCICA CONJUGADA 2DA DOSIS,Cohorte_4M,173,191.0,90.6
13303,Tiltil,VACUNA NEUMOCOCICA CONJUGADA REFUERZO,Cohorte_12M,185,197.0,93.9
13303,Tiltil,VACUNA NEUMOCOCICA POLISACARIDA,Neumococica_Polisacarida_65,138,219.0,63.0
13303,Tiltil,VACUNA SRP (TRIVIRICA) 1RA DOSIS,Cohorte_12M,188,197.0,95.4
13303,Tiltil,VACUNA SRP (TRIVIRICA) 2DA DOSIS,Cohorte_36M,229,252.0,90.9
13303,Tiltil,VACUNA VARICELA 1RA DOSIS,Cohorte_18M,199,206.0,96.6
13303,Tiltil,VACUNA VARICELA 2DA DOSIS,Cohorte_36M,231,252.0,91.7
13303,Tiltil,VACUNA VPH 4 BASICO,VPH_4basico,289,322.0,89.8
13303,Tiltil,VACUNA VPH 5 BASICO,VPH_5basico,248,274.0,90.5
13401,San Bernardo,VACUNA BCG,BCG_RN,2496,2664.0,93.7
13401,San Bernardo,VACUNA DTPA 1 BASICO,dTpa_1basico,3207,3654.0,87.8
13401,San Bernardo,VACUNA DTPA 8 BASICO,dTpa_8basico,3713,4312.0,86.1
13401,San Bernardo,VACUNA DTPA GESTANTES,dTpa_Gestantes,1973,3399.0,58.0
13401,San Bernardo,VACUNA HEPATITIS A PEDIATRICA,Cohorte_18M,2693,3360.0,80.1
13401,San Bernardo,VACUNA HEPATITIS B RN,HepB_RN,2477,2664.0,93.0
13401,San Bernardo,VACUNA HEXAVALENTE 1RA DOSIS,Cohorte_2M,2482,2759.0,90.0
13401,San Bernardo,VACUNA HEXAVALENTE 2DA DOSIS,Cohorte_4M,2444,2785.0,87.8
13401,San Bernardo,VACUNA HEXAVALENTE 3RA DOSIS,Hexavalente_3d_6m,2530,2889.0,87.6
13401,San Bernardo,VACUNA HEXAVALENTE REFUERZO,Hexavalente_ref_18m,2713,3360.0,80.7
13401,San Bernardo,VACUNA MENINGOCOCICA CONJUGADA DOSIS UNICA,Cohorte_12M,2658,3135.0,84.8
13401,San Bernardo,VACUNA MENINGOCOCICA RECOMBINANTE 1RA DOSIS,Cohorte_2M,2509,2759.0,90.9
13401,San Bernardo,VACUNA MENINGOCOCICA RECOMBINANTE 2DA DOSIS,Cohorte_4M,2456,2785.0,88.2
13401,San Bernardo,VACUNA MENINGOCOCICA RECOMBINANTE REFUERZO,Cohorte_18M,439,3360.0,13.1
13401,San Bernardo,VACUNA NEUMOCOCICA CONJUGADA 1RA DOSIS,Cohorte_2M,2484,2759.0,90.0
13401,San Bernardo,VACUNA NEUMOCOCICA CONJUGADA 2DA DOSIS,Cohorte_4M,2441,2785.0,87.6
13401,San Bernardo,VACUNA NEUMOCOCICA CONJUGADA REFUERZO,Cohorte_12M,2671,3135.0,85.2
13401,San Bernardo,VACUNA NEUMOCOCICA POLISACARIDA,Neumococica_Polisacarida_65,1820,2926.0,62.2
13401,San Bernardo,VACUNA SRP (TRIVIRICA) 1RA DOSIS,Cohorte_12M,2677,3135.0,85.4
13401,San Bernardo,VACUNA SRP (TRIVIRICA) 2DA DOSIS,Cohorte_36M,2317,3247.0,71.4
13401,San Bernardo,VACUNA VARICELA 1RA DOSIS,Cohorte_18M,2718,3360.0,80.9
13401,San Bernardo,VACUNA VARICELA 2DA DOSIS,Cohorte_36M,2314,3247.0,71.3
13401,San Bernardo,VACUNA VPH 4 BASICO,VPH_4basico,3646,4146.0,87.9
13401,San Bernardo,VACUNA VPH 5 BASICO,VPH_5basico,3454,4023.0,85.9
13402,Buin,VACUNA BCG,BCG_RN,1213,1283.0,94.5
13402,Buin,VACUNA DTPA 1 BASICO,dTpa_1basico,1424,1535.0,92.8
13402,Buin,VACUNA DTPA 8 BASICO,dTpa_8basico,1476,1647.0,89.6
13402,Buin,VACUNA DTPA GESTANTES,dTpa_Gestantes,984,1504.0,65.4
13402,Buin,VACUNA HEPATITIS A PEDIATRICA,Cohorte_18M,1283,1387.0,92.5
13402,Buin,VACUNA HEPATITIS B RN,HepB_RN,1208,1283.0,94.2
13402,Buin,VACUNA HEXAVALENTE 1RA DOSIS,Cohorte_2M,1255,1276.0,98.4
13402,Buin,VACUNA HEXAVALENTE 2DA DOSIS,Cohorte_4M,1323,1317.0,100.5
13402,Buin,VACUNA HEXAVALENTE 3RA DOSIS,Hexavalente_3d_6m,1323,1323.0,100.0
13402,Buin,VACUNA HEXAVALENTE REFUERZO,Hexavalente_ref_18m,1331,1387.0,96.0
13402,Buin,VACUNA MENINGOCOCICA CONJUGADA DOSIS UNICA,Cohorte_12M,1268,1323.0,95.8
13402,Buin,VACUNA MENINGOCOCICA RECOMBINANTE 1RA DOSIS,Cohorte_2M,1261,1276.0,98.8
13402,Buin,VACUNA MENINGOCOCICA RECOMBINANTE 2DA DOSIS,Cohorte_4M,1319,1317.0,100.2
13402,Buin,VACUNA MENINGOCOCICA RECOMBINANTE REFUERZO,Cohorte_18M,217,1387.0,15.6
13402,Buin,VACUNA NEUMOCOCICA CONJUGADA 1RA DOSIS,Cohorte_2M,1254,1276.0,98.3
13402,Buin,VACUNA NEUMOCOCICA CONJUGADA 2DA DOSIS,Cohorte_4M,1320,1317.0,100.2
13402,Buin,VACUNA NEUMOCOCICA CONJUGADA REFUERZO,Cohorte_12M,1296,1323.0,98.0
13402,Buin,VACUNA NEUMOCOCICA POLISACARIDA,Neumococica_Polisacarida_65,720,938.0,76.8
13402,Buin,VACUNA SRP (TRIVIRICA) 1RA DOSIS,Cohorte_12M,1313,1323.0,99.2
13402,Buin,VACUNA SRP (TRIVIRICA) 2DA DOSIS,Cohorte_36M,1178,1437.0,82.0
13402,Buin,VACUNA VARICELA 1RA DOSIS,Cohorte_18M,1340,1387.0,96.6
13402,Buin,VACUNA VARICELA 2DA DOSIS,Cohorte_36M,1175,1437.0,81.8
13402,Buin,VACUNA VPH 4 BASICO,VPH_4basico,1516,1638.0,92.6
13402,Buin,VACUNA VPH 5 BASICO,VPH_5basico,1421,1607.0,88.4
13403,Calera de Tango,VACUNA BCG,BCG_RN,171,198.0,86.4
13403,Calera de Tango,VACUNA DTPA 1 BASICO,dTpa_1basico,337,367.0,91.8
13403,Calera de Tango,VACUNA DTPA 8 BASICO,dTpa_8basico,388,424.0,91.5
13403,Calera de Tango,VACUNA DTPA GESTANTES,dTpa_Gestantes,177,269.0,65.8
13403,Calera de Tango,VACUNA HEPATITIS A PEDIATRICA,Cohorte_18M,243,246.0,98.8
13403,Calera de Tango,VACUNA HEPATITIS B RN,HepB_RN,190,198.0,96.0
13403,Calera de Tango,VACUNA HEXAVALENTE 1RA DOSIS,Cohorte_2M,210,200.0,105.0
13403,Calera de Tango,VACUNA HEXAVALENTE 2DA DOSIS,Cohorte_4M,198,193.0,102.6
13403,Calera de Tango,VACUNA HEXAVALENTE 3RA DOSIS,Hexavalente_3d_6m,196,197.0,99.5
13403,Calera de Tango,VACUNA HEXAVALENTE REFUERZO,Hexavalente_ref_18m,246,246.0,100.0
13403,Calera de Tango,VACUNA MENINGOCOCICA CONJUGADA DOSIS UNICA,Cohorte_12M,208,191.0,108.9
13403,Calera de Tango,VACUNA MENINGOCOCICA RECOMBINANTE 1RA DOSIS,Cohorte_2M,211,200.0,105.5
13403,Calera de Tango,VACUNA MENINGOCOCICA RECOMBINANTE 2DA DOSIS,Cohorte_4M,196,193.0,101.6
13403,Calera de Tango,VACUNA MENINGOCOCICA RECOMBINANTE REFUERZO,Cohorte_18M,44,246.0,17.9
13403,Calera de Tango,VACUNA NEUMOCOCICA CONJUGADA 1RA DOSIS,Cohorte_2M,211,200.0,105.5
13403,Calera de Tango,VACUNA NEUMOCOCICA CONJUGADA 2DA DOSIS,Cohorte_4M,197,193.0,102.1
13403,Calera de Tango,VACUNA NEUMOCOCICA CONJUGADA REFUERZO,Cohorte_12M,211,191.0,110.5
13403,Calera de Tango,VACUNA NEUMOCOCICA POLISACARIDA,Neumococica_Polisacarida_65,208,276.0,75.4
13403,Calera de Tango,VACUNA SRP (TRIVIRICA) 1RA DOSIS,Cohorte_12M,210,191.0,109.9
13403,Calera de Tango,VACUNA SRP (TRIVIRICA) 2DA DOSIS,Cohorte_36M,220,257.0,85.6
13403,Calera de Tango,VACUNA VARICELA 1RA DOSIS,Cohorte_18M,247,246.0,100.4
13403,Calera de Tango,VACUNA VARICELA 2DA DOSIS,Cohorte_36M,223,257.0,86.8
13403,Calera de Tango,VACUNA VPH 4 BASICO,VPH_4basico,384,419.0,91.6
13403,Calera de Tango,VACUNA VPH 5 BASICO,VPH_5basico,370,392.0,94.4
13404,Paine,VACUNA BCG,BCG_RN,576,758.0,76.0
13404,Paine,VACUNA DTPA 1 BASICO,dTpa_1basico,1081,1208.0,89.5
13404,Paine,VACUNA DTPA 8 BASICO,dTpa_8basico,1204,1324.0,90.9
13404,Paine,VACUNA DTPA GESTANTES,dTpa_Gestantes,608,857.0,70.9
13404,Paine,VACUNA HEPATITIS A PEDIATRICA,Cohorte_18M,867,931.0,93.1
13404,Paine,VACUNA HEPATITIS B RN,HepB_RN,566,758.0,74.7
13404,Paine,VACUNA HEXAVALENTE 1RA DOSIS,Cohorte_2M,715,744.0,96.1
13404,Paine,VACUNA HEXAVALENTE 2DA DOSIS,Cohorte_4M,734,753.0,97.5
13404,Paine,VACUNA HEXAVALENTE 3RA DOSIS,Hexavalente_3d_6m,757,778.0,97.3
13404,Paine,VACUNA HEXAVALENTE REFUERZO,Hexavalente_ref_18m,848,931.0,91.1
13404,Paine,VACUNA MENINGOCOCICA CONJUGADA DOSIS UNICA,Cohorte_12M,825,842.0,98.0
13404,Paine,VACUNA MENINGOCOCICA RECOMBINANTE 1RA DOSIS,Cohorte_2M,744,744.0,100.0
13404,Paine,VACUNA MENINGOCOCICA RECOMBINANTE 2DA DOSIS,Cohorte_4M,749,753.0,99.5
13404,Paine,VACUNA MENINGOCOCICA RECOMBINANTE REFUERZO,Cohorte_18M,137,931.0,14.7
13404,Paine,VACUNA NEUMOCOCICA CONJUGADA 1RA DOSIS,Cohorte_2M,717,744.0,96.4
13404,Paine,VACUNA NEUMOCOCICA CONJUGADA 2DA DOSIS,Cohorte_4M,731,753.0,97.1
13404,Paine,VACUNA NEUMOCOCICA CONJUGADA REFUERZO,Cohorte_12M,805,842.0,95.6
13404,Paine,VACUNA NEUMOCOCICA POLISACARIDA,Neumococica_Polisacarida_65,635,831.0,76.4
13404,Paine,VACUNA SRP (TRIVIRICA) 1RA DOSIS,Cohorte_12M,818,842.0,97.1
13404,Paine,VACUNA SRP (TRIVIRICA) 2DA DOSIS,Cohorte_36M,735,819.0,89.7
13404,Paine,VACUNA VARICELA 1RA DOSIS,Cohorte_18M,863,931.0,92.7
13404,Paine,VACUNA VARICELA 2DA DOSIS,Cohorte_36M,738,819.0,90.1
13404,Paine,VACUNA VPH 4 BASICO,VPH_4basico,1173,1280.0,91.6
13404,Paine,VACUNA VPH 5 BASICO,VPH_5basico,1092,1231.0,88.7
13501,Melipilla,VACUNA BCG,BCG_RN,1181,1411.0,83.7
13501,Melipilla,VACUNA DTPA 1 BASICO,dTpa_1basico,1586,1934.0,82.0
13501,Melipilla,VACUNA DTPA 8 BASICO,dTpa_8basico,1625,2105.0,77.2
13501,Melipilla,VACUNA DTPA GESTANTES,dTpa_Gestantes,1170,1715.0,68.2
13501,Melipilla,VACUNA HEPATITIS A PEDIATRICA,Cohorte_18M,1528,1696.0,90.1
13501,Melipilla,VACUNA HEPATITIS B RN,HepB_RN,1160,1411.0,82.2
13501,Melipilla,VACUNA HEXAVALENTE 1RA DOSIS,Cohorte_2M,1382,1424.0,97.1
13501,Melipilla,VACUNA HEXAVALENTE 2DA DOSIS,Cohorte_4M,1413,1456.0,97.0
13501,Melipilla,VACUNA HEXAVALENTE 3RA DOSIS,Hexavalente_3d_6m,1389,1466.0,94.7
13501,Melipilla,VACUNA HEXAVALENTE REFUERZO,Hexavalente_ref_18m,1506,1696.0,88.8
13501,Melipilla,VACUNA MENINGOCOCICA CONJUGADA DOSIS UNICA,Cohorte_12M,1478,1564.0,94.5
13501,Melipilla,VACUNA MENINGOCOCICA RECOMBINANTE 1RA DOSIS,Cohorte_2M,1440,1424.0,101.1
13501,Melipilla,VACUNA MENINGOCOCICA RECOMBINANTE 2DA DOSIS,Cohorte_4M,1440,1456.0,98.9
13501,Melipilla,VACUNA MENINGOCOCICA RECOMBINANTE REFUERZO,Cohorte_18M,201,1696.0,11.9
13501,Melipilla,VACUNA NEUMOCOCICA CONJUGADA 1RA DOSIS,Cohorte_2M,1383,1424.0,97.1
13501,Melipilla,VACUNA NEUMOCOCICA CONJUGADA 2DA DOSIS,Cohorte_4M,1413,1456.0,97.0
13501,Melipilla,VACUNA NEUMOCOCICA CONJUGADA REFUERZO,Cohorte_12M,1462,1564.0,93.5
13501,Melipilla,VACUNA NEUMOCOCICA POLISACARIDA,Neumococica_Polisacarida_65,755,1471.0,51.3
13501,Melipilla,VACUNA SRP (TRIVIRICA) 1RA DOSIS,Cohorte_12M,1474,1564.0,94.2
13501,Melipilla,VACUNA SRP (TRIVIRICA) 2DA DOSIS,Cohorte_36M,1229,1638.0,75.0
13501,Melipilla,VACUNA VARICELA 1RA DOSIS,Cohorte_18M,1531,1696.0,90.3
13501,Melipilla,VACUNA VARICELA 2DA DOSIS,Cohorte_36M,1240,1638.0,75.7
13501,Melipilla,VACUNA VPH 4 BASICO,VPH_4basico,1742,2118.0,82.2
13501,Melipilla,VACUNA VPH 5 BASICO,VPH_5basico,1577,1999.0,78.9
13502,Alhué,VACUNA BCG,BCG_RN,65,98.0,66.3
13502,Alhué,VACUNA DTPA 1 BASICO,dTpa_1basico,110,119.0,92.4
13502,Alhué,VACUNA DTPA 8 BASICO,dTpa_8basico,106,119.0,89.1
13502,Alhué,VACUNA DTPA GESTANTES,dTpa_Gestantes,75,121.0,62.0
13502,Alhué,VACUNA HEPATITIS A PEDIATRICA,Cohorte_18M,120,127.0,94.5
13502,Alhué,VACUNA HEPATITIS B RN,HepB_RN,63,98.0,64.3
13502,Alhué,VACUNA HEXAVALENTE 1RA DOSIS,Cohorte_2M,90,96.0,93.8
13502,Alhué,VACUNA HEXAVALENTE 2DA DOSIS,Cohorte_4M,89,98.0,90.8
13502,Alhué,VACUNA HEXAVALENTE 3RA DOSIS,Hexavalente_3d_6m,104,102.0,102.0
13502,Alhué,VACUNA HEXAVALENTE REFUERZO,Hexavalente_ref_18m,120,127.0,94.5
13502,Alhué,VACUNA MENINGOCOCICA CONJUGADA DOSIS UNICA,Cohorte_12M,119,111.0,107.2
13502,Alhué,VACUNA MENINGOCOCICA RECOMBINANTE 1RA DOSIS,Cohorte_2M,95,96.0,99.0
13502,Alhué,VACUNA MENINGOCOCICA RECOMBINANTE 2DA DOSIS,Cohorte_4M,94,98.0,95.9
13502,Alhué,VACUNA MENINGOCOCICA RECOMBINANTE REFUERZO,Cohorte_18M,21,127.0,16.5
13502,Alhué,VACUNA NEUMOCOCICA CONJUGADA 1RA DOSIS,Cohorte_2M,90,96.0,93.8
13502,Alhué,VACUNA NEUMOCOCICA CONJUGADA 2DA DOSIS,Cohorte_4M,89,98.0,90.8
13502,Alhué,VACUNA NEUMOCOCICA CONJUGADA REFUERZO,Cohorte_12M,117,111.0,105.4
13502,Alhué,VACUNA NEUMOCOCICA POLISACARIDA,Neumococica_Polisacarida_65,75,85.0,88.2
13502,Alhué,VACUNA SRP (TRIVIRICA) 1RA DOSIS,Cohorte_12M,116,111.0,104.5
13502,Alhué,VACUNA SRP (TRIVIRICA) 2DA DOSIS,Cohorte_36M,110,116.0,94.8
13502,Alhué,VACUNA VARICELA 1RA DOSIS,Cohorte_18M,120,127.0,94.5
13502,Alhué,VACUNA VARICELA 2DA DOSIS,Cohorte_36M,107,116.0,92.2
13502,Alhué,VACUNA VPH 4 BASICO,VPH_4basico,122,129.0,94.6
13502,Alhué,VACUNA VPH 5 BASICO,VPH_5basico,119,124.0,96.0
13503,Curacaví,VACUNA BCG,BCG_RN,272,281.0,96.8
13503,Curacaví,VACUNA DTPA 1 BASICO,dTpa_1basico,438,476.0,92.0
13503,Curacaví,VACUNA DTPA 8 BASICO,dTpa_8basico,502,561.0,89.5
13503,Curacaví,VACUNA DTPA GESTANTES,dTpa_Gestantes,217,369.0,58.8
13503,Curacaví,VACUNA HEPATITIS A PEDIATRICA,Cohorte_18M,322,345.0,93.3
13503,Curacaví,VACUNA HEPATITIS B RN,HepB_RN,273,281.0,97.2
13503,Curacaví,VACUNA HEXAVALENTE 1RA DOSIS,Cohorte_2M,274,275.0,99.6
13503,Curacaví,VACUNA HEXAVALENTE 2DA DOSIS,Cohorte_4M,295,304.0,97.0
13503,Curacaví,VACUNA HEXAVALENTE 3RA DOSIS,Hexavalente_3d_6m,303,303.0,100.0
13503,Curacaví,VACUNA HEXAVALENTE REFUERZO,Hexavalente_ref_18m,319,345.0,92.5
13503,Curacaví,VACUNA MENINGOCOCICA CONJUGADA DOSIS UNICA,Cohorte_12M,299,316.0,94.6
13503,Curacaví,VACUNA MENINGOCOCICA RECOMBINANTE 1RA DOSIS,Cohorte_2M,273,275.0,99.3
13503,Curacaví,VACUNA MENINGOCOCICA RECOMBINANTE 2DA DOSIS,Cohorte_4M,294,304.0,96.7
13503,Curacaví,VACUNA MENINGOCOCICA RECOMBINANTE REFUERZO,Cohorte_18M,53,345.0,15.4
13503,Curacaví,VACUNA NEUMOCOCICA CONJUGADA 1RA DOSIS,Cohorte_2M,274,275.0,99.6
13503,Curacaví,VACUNA NEUMOCOCICA CONJUGADA 2DA DOSIS,Cohorte_4M,295,304.0,97.0
13503,Curacaví,VACUNA NEUMOCOCICA CONJUGADA REFUERZO,Cohorte_12M,301,316.0,95.3
13503,Curacaví,VACUNA NEUMOCOCICA POLISACARIDA,Neumococica_Polisacarida_65,238,386.0,61.7
13503,Curacaví,VACUNA SRP (TRIVIRICA) 1RA DOSIS,Cohorte_12M,301,316.0,95.3
13503,Curacaví,VACUNA SRP (TRIVIRICA) 2DA DOSIS,Cohorte_36M,288,352.0,81.8
13503,Curacaví,VACUNA VARICELA 1RA DOSIS,Cohorte_18M,322,345.0,93.3
13503,Curacaví,VACUNA VARICELA 2DA DOSIS,Cohorte_36M,286,352.0,81.2
13503,Curacaví,VACUNA VPH 4 BASICO,VPH_4basico,514,562.0,91.5
13503,Curacaví,VACUNA VPH 5 BASICO,VPH_5basico,450,534.0,84.3
13504,María Pinto,VACUNA BCG,BCG_RN,109,135.0,80.7
13504,María Pinto,VACUNA DTPA 1 BASICO,dTpa_1basico,147,164.0,89.6
13504,María Pinto,VACUNA DTPA 8 BASICO,dTpa_8basico,136,175.0,77.7
13504,María Pinto,VACUNA DTPA GESTANTES,dTpa_Gestantes,113,178.0,63.5
13504,María Pinto,VACUNA HEPATITIS A PEDIATRICA,Cohorte_18M,188,172.0,109.3
13504,María Pinto,VACUNA HEPATITIS B RN,HepB_RN,111,135.0,82.2
13504,María Pinto,VACUNA HEXAVALENTE 1RA DOSIS,Cohorte_2M,136,136.0,100.0
13504,María Pinto,VACUNA HEXAVALENTE 2DA DOSIS,Cohorte_4M,124,118.0,105.1
13504,María Pinto,VACUNA HEXAVALENTE 3RA DOSIS,Hexavalente_3d_6m,135,121.0,111.6
13504,María Pinto,VACUNA HEXAVALENTE REFUERZO,Hexavalente_ref_18m,191,172.0,111.0
13504,María Pinto,VACUNA MENINGOCOCICA CONJUGADA DOSIS UNICA,Cohorte_12M,155,142.0,109.2
13504,María Pinto,VACUNA MENINGOCOCICA RECOMBINANTE 1RA DOSIS,Cohorte_2M,137,136.0,100.7
13504,María Pinto,VACUNA MENINGOCOCICA RECOMBINANTE 2DA DOSIS,Cohorte_4M,123,118.0,104.2
13504,María Pinto,VACUNA MENINGOCOCICA RECOMBINANTE REFUERZO,Cohorte_18M,33,172.0,19.2
13504,María Pinto,VACUNA NEUMOCOCICA CONJUGADA 1RA DOSIS,Cohorte_2M,135,136.0,99.3
13504,María Pinto,VACUNA NEUMOCOCICA CONJUGADA 2DA DOSIS,Cohorte_4M,124,118.0,105.1
13504,María Pinto,VACUNA NEUMOCOCICA CONJUGADA REFUERZO,Cohorte_12M,156,142.0,109.9
13504,María Pinto,VACUNA NEUMOCOCICA POLISACARIDA,Neumococica_Polisacarida_65,79,154.0,51.3
13504,María Pinto,VACUNA SRP (TRIVIRICA) 1RA DOSIS,Cohorte_12M,158,142.0,111.3
13504,María Pinto,VACUNA SRP (TRIVIRICA) 2DA DOSIS,Cohorte_36M,140,170.0,82.4
13504,María Pinto,VACUNA VARICELA 1RA DOSIS,Cohorte_18M,191,172.0,111.0
13504,María Pinto,VACUNA VARICELA 2DA DOSIS,Cohorte_36M,143,170.0,84.1
13504,María Pinto,VACUNA VPH 4 BASICO,VPH_4basico,158,187.0,84.5
13504,María Pinto,VACUNA VPH 5 BASICO,VPH_5basico,140,166.0,84.3
13505,San Pedro,VACUNA BCG,BCG_RN,104,134.0,77.6
13505,San Pedro,VACUNA DTPA 1 BASICO,dTpa_1basico,143,147.0,97.3
13505,San Pedro,VACUNA DTPA 8 BASICO,dTpa_8basico,145,150.0,96.7
13505,San Pedro,VACUNA DTPA GESTANTES,dTpa_Gestantes,117,131.0,89.3
13505,San Pedro,VACUNA HEPATITIS A PEDIATRICA,Cohorte_18M,169,163.0,103.7
13505,San Pedro,VACUNA HEPATITIS B RN,HepB_RN,128,134.0,95.5
13505,San Pedro,VACUNA HEXAVALENTE 1RA DOSIS,Cohorte_2M,145,136.0,106.6
13505,San Pedro,VACUNA HEXAVALENTE 2DA DOSIS,Cohorte_4M,143,129.0,110.9
13505,San Pedro,VACUNA HEXAVALENTE 3RA DOSIS,Hexavalente_3d_6m,146,127.0,115.0
13505,San Pedro,VACUNA HEXAVALENTE REFUERZO,Hexavalente_ref_18m,169,163.0,103.7
13505,San Pedro,VACUNA MENINGOCOCICA CONJUGADA DOSIS UNICA,Cohorte_12M,162,146.0,111.0
13505,San Pedro,VACUNA MENINGOCOCICA RECOMBINANTE 1RA DOSIS,Cohorte_2M,166,136.0,122.1
13505,San Pedro,VACUNA MENINGOCOCICA RECOMBINANTE 2DA DOSIS,Cohorte_4M,152,129.0,117.8
13505,San Pedro,VACUNA MENINGOCOCICA RECOMBINANTE REFUERZO,Cohorte_18M,20,163.0,12.3
13505,San Pedro,VACUNA NEUMOCOCICA CONJUGADA 1RA DOSIS,Cohorte_2M,147,136.0,108.1
13505,San Pedro,VACUNA NEUMOCOCICA CONJUGADA 2DA DOSIS,Cohorte_4M,145,129.0,112.4
13505,San Pedro,VACUNA NEUMOCOCICA CONJUGADA REFUERZO,Cohorte_12M,161,146.0,110.3
13505,San Pedro,VACUNA NEUMOCOCICA POLISACARIDA,Neumococica_Polisacarida_65,93,127.0,73.2
13505,San Pedro,VACUNA SRP (TRIVIRICA) 1RA DOSIS,Cohorte_12M,161,146.0,110.3
13505,San Pedro,VACUNA SRP (TRIVIRICA) 2DA DOSIS,Cohorte_36M,104,125.0,83.2
13505,San Pedro,VACUNA VARICELA 1RA DOSIS,Cohorte_18M,174,163.0,106.7
13505,San Pedro,VACUNA VARICELA 2DA DOSIS,Cohorte_36M,108,125.0,86.4
13505,San Pedro,VACUNA VPH 4 BASICO,VPH_4basico,147,163.0,90.2
13505,San Pedro,VACUNA VPH 5 BASICO,VPH_5basico,144,152.0,94.7
13601,Talagante,VACUNA BCG,BCG_RN,611,614.0,99.5
13601,Talagante,VACUNA DTPA 1 BASICO,dTpa_1basico,1042,1189.0,87.6
13601,Talagante,VACUNA DTPA 8 BASICO,dTpa_8basico,1327,1522.0,87.2
13601,Talagante,VACUNA DTPA GESTANTES,dTpa_Gestantes,436,803.0,54.3
13601,Talagante,VACUNA HEPATITIS A PEDIATRICA,Cohorte_18M,712,773.0,92.1
13601,Talagante,VACUNA HEPATITIS B RN,HepB_RN,605,614.0,98.5
13601,Talagante,VACUNA HEXAVALENTE 1RA DOSIS,Cohorte_2M,642,631.0,101.7
13601,Talagante,VACUNA HEXAVALENTE 2DA DOSIS,Cohorte_4M,652,655.0,99.5
13601,Talagante,VACUNA HEXAVALENTE 3RA DOSIS,Hexavalente_3d_6m,695,680.0,102.2
13601,Talagante,VACUNA HEXAVALENTE REFUERZO,Hexavalente_ref_18m,721,773.0,93.3
13601,Talagante,VACUNA MENINGOCOCICA CONJUGADA DOSIS UNICA,Cohorte_12M,697,736.0,94.7
13601,Talagante,VACUNA MENINGOCOCICA RECOMBINANTE 1RA DOSIS,Cohorte_2M,639,631.0,101.3
13601,Talagante,VACUNA MENINGOCOCICA RECOMBINANTE 2DA DOSIS,Cohorte_4M,653,655.0,99.7
13601,Talagante,VACUNA MENINGOCOCICA RECOMBINANTE REFUERZO,Cohorte_18M,126,773.0,16.3
13601,Talagante,VACUNA NEUMOCOCICA CONJUGADA 1RA DOSIS,Cohorte_2M,643,631.0,101.9
13601,Talagante,VACUNA NEUMOCOCICA CONJUGADA 2DA DOSIS,Cohorte_4M,654,655.0,99.8
13601,Talagante,VACUNA NEUMOCOCICA CONJUGADA REFUERZO,Cohorte_12M,698,736.0,94.8
13601,Talagante,VACUNA NEUMOCOCICA POLISACARIDA,Neumococica_Polisacarida_65,451,763.0,59.1
13601,Talagante,VACUNA SRP (TRIVIRICA) 1RA DOSIS,Cohorte_12M,704,736.0,95.7
13601,Talagante,VACUNA SRP (TRIVIRICA) 2DA DOSIS,Cohorte_36M,619,767.0,80.7
13601,Talagante,VACUNA VARICELA 1RA DOSIS,Cohorte_18M,723,773.0,93.5
13601,Talagante,VACUNA VARICELA 2DA DOSIS,Cohorte_36M,629,767.0,82.0
13601,Talagante,VACUNA VPH 4 BASICO,VPH_4basico,1246,1388.0,89.8
13601,Talagante,VACUNA VPH 5 BASICO,VPH_5basico,1205,1356.0,88.9
13602,El Monte,VACUNA BCG,BCG_RN,313,345.0,90.7
13602,El Monte,VACUNA DTPA 1 BASICO,dTpa_1basico,397,427.0,93.0
13602,El Monte,VACUNA DTPA 8 BASICO,dTpa_8basico,442,485.0,91.1
13602,El Monte,VACUNA DTPA GESTANTES,dTpa_Gestantes,231,420.0,55.0
13602,El Monte,VACUNA HEPATITIS A PEDIATRICA,Cohorte_18M,297,363.0,81.8
13602,El Monte,VACUNA HEPATITIS B RN,HepB_RN,317,345.0,91.9
13602,El Monte,VACUNA HEXAVALENTE 1RA DOSIS,Cohorte_2M,307,338.0,90.8
13602,El Monte,VACUNA HEXAVALENTE 2DA DOSIS,Cohorte_4M,298,336.0,88.7
13602,El Monte,VACUNA HEXAVALENTE 3RA DOSIS,Hexavalente_3d_6m,300,338.0,88.8
13602,El Monte,VACUNA HEXAVALENTE REFUERZO,Hexavalente_ref_18m,311,363.0,85.7
13602,El Monte,VACUNA MENINGOCOCICA CONJUGADA DOSIS UNICA,Cohorte_12M,245,309.0,79.3
13602,El Monte,VACUNA MENINGOCOCICA RECOMBINANTE 1RA DOSIS,Cohorte_2M,308,338.0,91.1
13602,El Monte,VACUNA MENINGOCOCICA RECOMBINANTE 2DA DOSIS,Cohorte_4M,299,336.0,89.0
13602,El Monte,VACUNA MENINGOCOCICA RECOMBINANTE REFUERZO,Cohorte_18M,39,363.0,10.7
13602,El Monte,VACUNA NEUMOCOCICA CONJUGADA 1RA DOSIS,Cohorte_2M,306,338.0,90.5
13602,El Monte,VACUNA NEUMOCOCICA CONJUGADA 2DA DOSIS,Cohorte_4M,297,336.0,88.4
13602,El Monte,VACUNA NEUMOCOCICA CONJUGADA REFUERZO,Cohorte_12M,278,309.0,90.0
13602,El Monte,VACUNA NEUMOCOCICA POLISACARIDA,Neumococica_Polisacarida_65,263,372.0,70.7
13602,El Monte,VACUNA SRP (TRIVIRICA) 1RA DOSIS,Cohorte_12M,276,309.0,89.3
13602,El Monte,VACUNA SRP (TRIVIRICA) 2DA DOSIS,Cohorte_36M,273,401.0,68.1
13602,El Monte,VACUNA VARICELA 1RA DOSIS,Cohorte_18M,307,363.0,84.6
13602,El Monte,VACUNA VARICELA 2DA DOSIS,Cohorte_36M,273,401.0,68.1
13602,El Monte,VACUNA VPH 4 BASICO,VPH_4basico,521,554.0,94.0
13602,El Monte,VACUNA VPH 5 BASICO,VPH_5basico,489,514.0,95.1
13603,Isla de Maipo,VACUNA BCG,BCG_RN,313,333.0,94.0
13603,Isla de Maipo,VACUNA DTPA 1 BASICO,dTpa_1basico,419,456.0,91.9
13603,Isla de Maipo,VACUNA DTPA 8 BASICO,dTpa_8basico,487,540.0,90.2
13603,Isla de Maipo,VACUNA DTPA GESTANTES,dTpa_Gestantes,286,375.0,76.3
13603,Isla de Maipo,VACUNA HEPATITIS A PEDIATRICA,Cohorte_18M,392,370.0,105.9
13603,Isla de Maipo,VACUNA HEPATITIS B RN,HepB_RN,310,333.0,93.1
13603,Isla de Maipo,VACUNA HEXAVALENTE 1RA DOSIS,Cohorte_2M,325,329.0,98.8
13603,Isla de Maipo,VACUNA HEXAVALENTE 2DA DOSIS,Cohorte_4M,338,337.0,100.3
13603,Isla de Maipo,VACUNA HEXAVALENTE 3RA DOSIS,Hexavalente_3d_6m,350,345.0,101.4
13603,Isla de Maipo,VACUNA HEXAVALENTE REFUERZO,Hexavalente_ref_18m,393,370.0,106.2
13603,Isla de Maipo,VACUNA MENINGOCOCICA CONJUGADA DOSIS UNICA,Cohorte_12M,381,363.0,105.0
13603,Isla de Maipo,VACUNA MENINGOCOCICA RECOMBINANTE 1RA DOSIS,Cohorte_2M,335,329.0,101.8
13603,Isla de Maipo,VACUNA MENINGOCOCICA RECOMBINANTE 2DA DOSIS,Cohorte_4M,344,337.0,102.1
13603,Isla de Maipo,VACUNA MENINGOCOCICA RECOMBINANTE REFUERZO,Cohorte_18M,66,370.0,17.8
13603,Isla de Maipo,VACUNA NEUMOCOCICA CONJUGADA 1RA DOSIS,Cohorte_2M,324,329.0,98.5
13603,Isla de Maipo,VACUNA NEUMOCOCICA CONJUGADA 2DA DOSIS,Cohorte_4M,338,337.0,100.3
13603,Isla de Maipo,VACUNA NEUMOCOCICA CONJUGADA REFUERZO,Cohorte_12M,375,363.0,103.3
13603,Isla de Maipo,VACUNA NEUMOCOCICA POLISACARIDA,Neumococica_Polisacarida_65,259,371.0,69.8
13603,Isla de Maipo,VACUNA SRP (TRIVIRICA) 1RA DOSIS,Cohorte_12M,378,363.0,104.1
13603,Isla de Maipo,VACUNA SRP (TRIVIRICA) 2DA DOSIS,Cohorte_36M,359,358.0,100.3
13603,Isla de Maipo,VACUNA VARICELA 1RA DOSIS,Cohorte_18M,398,370.0,107.6
13603,Isla de Maipo,VACUNA VARICELA 2DA DOSIS,Cohorte_36M,364,358.0,101.7
13603,Isla de Maipo,VACUNA VPH 4 BASICO,VPH_4basico,498,558.0,89.2
13603,Isla de Maipo,VACUNA VPH 5 BASICO,VPH_5basico,454,516.0,88.0
13604,Padre Hurtado,VACUNA BCG,BCG_RN,675,781.0,86.4
13604,Padre Hurtado,VACUNA DTPA 1 BASICO,dTpa_1basico,980,1079.0,90.8
13604,Padre Hurtado,VACUNA DTPA 8 BASICO,dTpa_8basico,1018,1135.0,89.7
13604,Padre Hurtado,VACUNA DTPA GESTANTES,dTpa_Gestantes,553,907.0,61.0
13604,Padre Hurtado,VACUNA HEPATITIS A PEDIATRICA,Cohorte_18M,805,953.0,84.5
13604,Padre Hurtado,VACUNA HEPATITIS B RN,HepB_RN,670,781.0,85.8
13604,Padre Hurtado,VACUNA HEXAVALENTE 1RA DOSIS,Cohorte_2M,728,783.0,93.0
13604,Padre Hurtado,VACUNA HEXAVALENTE 2DA DOSIS,Cohorte_4M,760,817.0,93.0
13604,Padre Hurtado,VACUNA HEXAVALENTE 3RA DOSIS,Hexavalente_3d_6m,782,846.0,92.4
13604,Padre Hurtado,VACUNA HEXAVALENTE REFUERZO,Hexavalente_ref_18m,814,953.0,85.4
13604,Padre Hurtado,VACUNA MENINGOCOCICA CONJUGADA DOSIS UNICA,Cohorte_12M,799,886.0,90.2
13604,Padre Hurtado,VACUNA MENINGOCOCICA RECOMBINANTE 1RA DOSIS,Cohorte_2M,728,783.0,93.0
13604,Padre Hurtado,VACUNA MENINGOCOCICA RECOMBINANTE 2DA DOSIS,Cohorte_4M,763,817.0,93.4
13604,Padre Hurtado,VACUNA MENINGOCOCICA RECOMBINANTE REFUERZO,Cohorte_18M,160,953.0,16.8
13604,Padre Hurtado,VACUNA NEUMOCOCICA CONJUGADA 1RA DOSIS,Cohorte_2M,730,783.0,93.2
13604,Padre Hurtado,VACUNA NEUMOCOCICA CONJUGADA 2DA DOSIS,Cohorte_4M,762,817.0,93.3
13604,Padre Hurtado,VACUNA NEUMOCOCICA CONJUGADA REFUERZO,Cohorte_12M,789,886.0,89.1
13604,Padre Hurtado,VACUNA NEUMOCOCICA POLISACARIDA,Neumococica_Polisacarida_65,354,709.0,49.9
13604,Padre Hurtado,VACUNA SRP (TRIVIRICA) 1RA DOSIS,Cohorte_12M,797,886.0,90.0
13604,Padre Hurtado,VACUNA SRP (TRIVIRICA) 2DA DOSIS,Cohorte_36M,687,866.0,79.3
13604,Padre Hurtado,VACUNA VARICELA 1RA DOSIS,Cohorte_18M,814,953.0,85.4
13604,Padre Hurtado,VACUNA VARICELA 2DA DOSIS,Cohorte_36M,694,866.0,80.1
13604,Padre Hurtado,VACUNA VPH 4 BASICO,VPH_4basico,1036,1148.0,90.2
13604,Padre Hurtado,VACUNA VPH 5 BASICO,VPH_5basico,1007,1157.0,87.0
13605,Peñaflor,VACUNA BCG,BCG_RN,632,665.0,95.0
13605,Peñaflor,VACUNA DTPA 1 BASICO,dTpa_1basico,991,1108.0,89.4
13605,Peñaflor,VACUNA DTPA 8 BASICO,dTpa_8basico,1163,1340.0,86.8
13605,Peñaflor,VACUNA DTPA GESTANTES,dTpa_Gestantes,551,915.0,60.2
13605,Peñaflor,VACUNA HEPATITIS A PEDIATRICA,Cohorte_18M,834,890.0,93.7
13605,Peñaflor,VACUNA HEPATITIS B RN,HepB_RN,637,665.0,95.8
13605,Peñaflor,VACUNA HEXAVALENTE 1RA DOSIS,Cohorte_2M,652,670.0,97.3
13605,Peñaflor,VACUNA HEXAVALENTE 2DA DOSIS,Cohorte_4M,701,709.0,98.9
13605,Peñaflor,VACUNA HEXAVALENTE 3RA DOSIS,Hexavalente_3d_6m,694,711.0,97.6
13605,Peñaflor,VACUNA HEXAVALENTE REFUERZO,Hexavalente_ref_18m,837,890.0,94.0
13605,Peñaflor,VACUNA MENINGOCOCICA CONJUGADA DOSIS UNICA,Cohorte_12M,768,791.0,97.1
13605,Peñaflor,VACUNA MENINGOCOCICA RECOMBINANTE 1RA DOSIS,Cohorte_2M,658,670.0,98.2
13605,Peñaflor,VACUNA MENINGOCOCICA RECOMBINANTE 2DA DOSIS,Cohorte_4M,704,709.0,99.3
13605,Peñaflor,VACUNA MENINGOCOCICA RECOMBINANTE REFUERZO,Cohorte_18M,139,890.0,15.6
13605,Peñaflor,VACUNA NEUMOCOCICA CONJUGADA 1RA DOSIS,Cohorte_2M,653,670.0,97.5
13605,Peñaflor,VACUNA NEUMOCOCICA CONJUGADA 2DA DOSIS,Cohorte_4M,701,709.0,98.9
13605,Peñaflor,VACUNA NEUMOCOCICA CONJUGADA REFUERZO,Cohorte_12M,767,791.0,97.0
13605,Peñaflor,VACUNA NEUMOCOCICA POLISACARIDA,Neumococica_Polisacarida_65,662,932.0,71.0
13605,Peñaflor,VACUNA SRP (TRIVIRICA) 1RA DOSIS,Cohorte_12M,768,791.0,97.1
13605,Peñaflor,VACUNA SRP (TRIVIRICA) 2DA DOSIS,Cohorte_36M,742,874.0,84.9
13605,Peñaflor,VACUNA VARICELA 1RA DOSIS,Cohorte_18M,840,890.0,94.4
13605,Peñaflor,VACUNA VARICELA 2DA DOSIS,Cohorte_36M,744,874.0,85.1
13605,Peñaflor,VACUNA VPH 4 BASICO,VPH_4basico,1178,1296.0,90.9
13605,Peñaflor,VACUNA VPH 5 BASICO,VPH_5basico,1065,1175.0,90.6
